name,telecode,latitude,longitude,centrality_score,province,city,railway_bureau,station_type
一间堡,,43.999743,125.352555,50,吉林,长春,沈阳铁路局,客运站
一面坡,,45.060231,128.073695,60,黑龙江,哈尔滨,哈尔滨铁路局,客运站
一面山,,40.347124,124.091609,50,辽宁,丹东,沈阳铁路局,客运站
七台河,,45.809457,130.894806,70,黑龙江,七台河,哈尔滨铁路局,客运站
七里河,,41.337409,121.251344,50,辽宁,锦州,沈阳铁路局,客运站
万乐,,45.882929,126.458569,50,黑龙江,哈尔滨,哈尔滨铁路局,客运站
万发屯,,46.542687,127.121214,50,黑龙江,哈尔滨,哈尔滨铁路局,客运站
万宁,,18.809312,110.376885,50,海南,万宁,广铁集团,客运站
万州,,30.757227,108.395238,55,重庆,万州区,成都铁路局,客运站
万年,,28.688356,117.07456,50,江西,上饶,南昌铁路局,客运站
万源,,32.085544,108.037254,60,四川,达州,西安铁路局,客运站
三义井,,42.698688,120.245407,50,内蒙古自治区,赤峰,沈阳铁路局,客运站
三亚,,18.298039,109.488728,100,海南,三亚,广铁集团,客运站
三十家,,41.012323,119.048637,50,辽宁,朝阳,沈阳铁路局,客运站
三十里堡,,39.265116,121.792701,50,辽宁,大连,沈阳铁路局,客运站
三原,,34.606743,108.942954,50,陕西,咸阳,西安铁路局,客运站
三台,,41.946578,123.149112,50,辽宁,沈阳,沈阳铁路局,客运站
三堂集,,33.338863,115.815899,50,安徽,阜阳,上海铁路局,客运站
三家寨,,26.096845,104.666805,50,贵州,六盘水,昆明铁路局,客运站
三家店,,39.948791,116.114195,50,北京,门头沟区,北京铁路局,客运站
三明,,26.243634,117.602622,55,福建,三明,南昌铁路局,客运站
三明北,,26.379135,117.801796,60,福建,三明,南昌铁路局,客运站
三水,,23.161973,112.882764,50,广东,佛山,广铁集团,客运站
三汇镇,,31.017132,107.169935,50,四川,达州,成都铁路局,客运站
三江县,,25.729404,109.572054,50,广西壮族自治区,柳州,南宁铁路局,客运站
三江口,,43.36851,123.714353,50,辽宁,铁岭,沈阳铁路局,客运站
三河县,,39.977535,117.0923,50,河北,廊坊,北京铁路局,客运站
三源浦,,42.053438,125.753872,50,吉林,通化,沈阳铁路局,客运站
三门县,,29.058074,121.35887,55,浙江,台州,上海铁路局,客运站
三门峡,,34.76158,111.227189,50,河南,三门峡,郑州铁路局,客运站
三门峡南,,34.749567,111.154273,50,河南,三门峡,郑州铁路局,客运站
三门峡西,,34.694404,111.081256,50,河南,三门峡,郑州铁路局,客运站
三间房,,47.096366,123.837114,65,黑龙江,齐齐哈尔,哈尔滨铁路局,客运站
上园,,41.611484,120.975296,50,辽宁,朝阳,沈阳铁路局,客运站
上杭,,25.185493,116.733236,50,福建,龙岩,南昌铁路局,客运站
上板城,,40.836588,118.05145,50,河北,承德,北京铁路局,客运站
上板城南,,40.823562,118.040886,50,河北,承德,北京铁路局,客运站
上海,,31.25155,121.451047,100,上海,闸北区,上海铁路局,客运站
上海南,,31.154984,121.424846,100,上海,徐汇区,上海铁路局,客运站
上海虹桥,,31.196139,121.316046,100,上海,闵行区,上海铁路局,客运站
上海西,,31.263973,121.398723,50,上海,普陀区,上海铁路局,客运站
上虞,,30.004007,120.85267,50,浙江,绍兴,上海铁路局,客运站
上虞北,,30.055756,120.84883,50,浙江,绍兴,上海铁路局,客运站
上饶,,28.49349,118.002529,80,江西,上饶,南昌铁路局,客运站
下台子,,40.60168,117.734715,50,河北,承德,北京铁路局,客运站
下城子,,44.66941,130.439235,50,黑龙江,牡丹江,哈尔滨铁路局,客运站
下板城,,40.772557,118.170308,50,河北,承德,北京铁路局,客运站
下社,,39.148846,113.171384,50,山西,忻州,太原铁路局,客运站
下花园,,40.485418,115.273652,50,河北,张家口,北京铁路局,客运站
下马塘,,41.029863,123.73001,50,辽宁,本溪,沈阳铁路局,客运站
东丰,,42.652311,125.538465,50,吉林,辽源,沈阳铁路局,客运站
东乡,,28.231544,116.621386,50,江西,抚州,南昌铁路局,客运站
东二道河,,47.684191,134.114654,50,黑龙江,佳木斯,哈尔滨铁路局,客运站
东京城,,44.115903,129.218092,90,黑龙江,牡丹江,哈尔滨铁路局,客运站
东光,,37.898144,116.531533,50,河北,沧州,北京铁路局,客运站
东升,,22.60757,113.279088,50,广东,中山,广铁集团,客运站
东台,,32.875992,120.339279,50,江苏,盐城,上海铁路局,客运站
东安东,,26.381196,111.332242,60,湖南,永州,南宁铁路局,客运站
东方红,,46.204336,133.082876,70,黑龙江,鸡西,哈尔滨铁路局,客运站
东明县,,35.268884,115.086541,50,山东,菏泽,郑州铁路局,客运站
东明村,,43.270808,121.222668,50,内蒙古自治区,通辽,沈阳铁路局,客运站
东来,,43.387704,121.636538,50,内蒙古自治区,通辽,沈阳铁路局,客运站
东津,,46.737822,127.209369,50,黑龙江,绥化,哈尔滨铁路局,客运站
东海,,45.288666,131.318721,50,黑龙江,鸡西,哈尔滨铁路局,客运站
东海县,,34.518246,118.7627,50,江苏,连云港,上海铁路局,客运站
东胜西,,39.723132,109.871695,55,内蒙古自治区,鄂尔多斯,呼和浩特铁路局,客运站
东至,,30.175106,117.023196,50,安徽,池州,上海铁路局,客运站
东莞,,23.090335,113.853979,50,广东,东莞,广铁集团,客运站
东莞东,,22.969893,114.033952,85,广东,东莞,广铁集团,客运站
东营,,37.454666,118.466466,50,山东,东营,济南铁路局,客运站
东辛庄,,40.359227,120.447915,50,辽宁,葫芦岛,沈阳铁路局,客运站
东边井,,47.414624,127.111776,50,黑龙江,绥化,哈尔滨铁路局,客运站
东通化,,41.76849,126.038313,50,吉林,通化,沈阳铁路局,客运站
东镇,,35.427387,111.306085,50,山西,运城,太原铁路局,客运站
东门,,45.738194,126.710013,50,黑龙江,哈尔滨,哈尔滨铁路局,客运站
两家,,45.525903,123.940432,50,吉林,白城,沈阳铁路局,客运站
中卫,,37.521592,105.186404,70,宁夏回族自治区,中卫,兰州铁路局,客运站
中宁,,37.555139,105.663168,50,宁夏回族自治区,中卫,兰州铁路局,客运站
中宁东,,37.449088,105.698369,50,宁夏回族自治区,中卫,兰州铁路局,客运站
中山,,22.546492,113.42776,50,广东,中山,广铁集团,客运站
中山北,,22.559978,113.377117,50,广东,中山,广铁集团,客运站
丰乐镇,,46.809741,130.867559,50,黑龙江,双鸭山,哈尔滨铁路局,客运站
丰城,,28.186034,115.785555,50,江西,宜春,南昌铁路局,客运站
丰城南,,28.077665,115.762203,50,江西,宜春,南昌铁路局,客运站
丰都,,29.848293,107.685813,70,重庆,丰都县,成都铁路局,客运站
丰镇,,40.434051,113.156426,50,内蒙古自治区,乌兰察布,呼和浩特铁路局,客运站
丰顺,,23.753183,116.186067,50,广东,梅州,广铁集团,客运站
临汾,,36.087206,111.531052,100,山西,临汾,太原铁路局,客运站
临汾西,,36.101294,111.459406,60,山西,临汾,太原铁路局,客运站
临沂,,35.037149,118.338316,55,山东,临沂,济南铁路局,客运站
临沂北,,35.117441,118.437709,50,山东,临沂,济南铁路局,客运站
临河,,40.742258,107.423383,65,内蒙古自治区,巴彦淖尔,呼和浩特铁路局,客运站
临泽,,39.155776,100.158447,50,甘肃,张掖,兰州铁路局,客运站
临海,,28.883382,121.241813,50,浙江,台州,上海铁路局,客运站
临淄,,36.803431,118.285362,50,山东,淄博,济南铁路局,客运站
临清,,36.841741,115.7321,50,山东,聊城,济南铁路局,客运站
临湘,,29.477547,113.478177,50,湖南,岳阳,广铁集团,客运站
临颍,,33.80824,113.91458,50,河南,漯河,郑州铁路局,客运站
丹东,,40.122888,124.38226,100,辽宁,丹东,沈阳铁路局,客运站
丹凤,,33.68172,110.349097,50,陕西,商洛,西安铁路局,客运站
丹徒,,32.117646,119.515848,50,江苏,镇江,上海铁路局,客运站
丹阳,,32.004116,119.588333,50,江苏,镇江,上海铁路局,客运站
丹阳北,,32.01717,119.665807,50,江苏,镇江,上海铁路局,客运站
丽水,,28.444819,119.949523,75,浙江,丽水,上海铁路局,客运站
丽江,,26.814431,100.251113,85,云南,丽江,昆明铁路局,客运站
乃林,,41.910336,119.273102,50,内蒙古自治区,赤峰,沈阳铁路局,客运站
义县,,41.5252,121.224046,50,辽宁,锦州,沈阳铁路局,客运站
义马,,34.722392,111.90655,50,河南,三门峡,郑州铁路局,客运站
乌伊岭,,48.595726,129.432396,75,黑龙江,伊春,哈尔滨铁路局,客运站
乌兰哈达,,41.632209,113.181905,50,内蒙古自治区,乌兰察布,呼和浩特铁路局,客运站
乌兰浩特,,46.069025,122.057092,100,内蒙古自治区,兴安盟,沈阳铁路局,客运站
乌奴耳,,48.871527,121.242189,50,内蒙古自治区,呼伦贝尔,哈尔滨铁路局,客运站
乌尔旗汗,,49.56968,121.38461,50,内蒙古自治区,呼伦贝尔,哈尔滨铁路局,客运站
乌拉山,,40.656144,108.772958,50,内蒙古自治区,巴彦淖尔,呼和浩特铁路局,客运站
乌拉特前旗,,40.711922,108.645442,50,内蒙古自治区,巴彦淖尔,呼和浩特铁路局,客运站
乌西,,43.868331,87.418126,50,新疆维吾尔自治区,乌鲁木齐,乌鲁木齐铁路局,客运站
乌鲁木齐,,43.777985,87.580363,100,新疆维吾尔自治区,乌鲁木齐,乌鲁木齐铁路局,客运站
乌鲁木齐南,,43.779119,87.58336,60,新疆维吾尔自治区,乌鲁木齐,乌鲁木齐铁路局,客运站
乌龙泉南,,30.259148,114.339577,50,湖北,武汉,武汉铁路局,客运站
乐山,,29.752465,103.574525,75,四川,乐山,成都铁路局,客运站
乐平市,,28.969079,117.109582,50,江西,景德镇,南昌铁路局,客运站
乐昌,,25.132015,113.351569,50,广东,韶关,广铁集团,客运站
乐清,,28.087719,120.85544,60,浙江,温州,上海铁路局,客运站
乐都,,36.476941,102.433164,50,青海,海东,青藏铁路公司,客运站
九三,,48.879592,125.249166,50,黑龙江,黑河,哈尔滨铁路局,客运站
九台,,44.147752,125.831008,55,吉林,长春,沈阳铁路局,客运站
九台南,,44.020187,125.80544,50,吉林,长春,沈阳铁路局,客运站
九江,,29.707202,116.000767,100,江西,九江,南昌铁路局,客运站
乳山,,36.996586,121.502064,50,山东,威海,济南铁路局,客运站
乾安,,45.097354,123.873677,50,吉林,松原,沈阳铁路局,客运站
二密河,,41.786757,125.824381,50,吉林,通化,沈阳铁路局,客运站
二道湾,,47.959198,124.539671,50,黑龙江,齐齐哈尔,哈尔滨铁路局,客运站
二龙,,41.696432,119.270436,50,内蒙古自治区,赤峰,沈阳铁路局,客运站
二龙山屯,,48.493877,126.641563,50,黑龙江,黑河,哈尔滨铁路局,客运站
于都,,25.978618,115.411432,50,江西,赣州,南昌铁路局,客运站
云梦,,31.023903,113.732885,50,湖北,孝感,武汉铁路局,客运站
云霄,,23.894146,117.35663,50,福建,漳州,南昌铁路局,客运站
五叉沟,,46.768363,120.312931,50,内蒙古自治区,兴安盟,沈阳铁路局,客运站
五台山,,39.264303,113.559846,50,山西,忻州,太原铁路局,客运站
五大连池,,48.627439,126.612094,50,黑龙江,黑河,哈尔滨铁路局,客运站
五女山,,41.276265,125.32143,50,辽宁,本溪,沈阳铁路局,客运站
五家,,45.542032,126.386642,50,黑龙江,哈尔滨,哈尔滨铁路局,客运站
五寨,,38.91634,111.827602,50,山西,忻州,太原铁路局,客运站
五常,,44.919862,127.137622,80,黑龙江,哈尔滨,哈尔滨铁路局,客运站
五棵树,,44.799347,126.154713,50,吉林,长春,沈阳铁路局,客运站
五莲,,35.8052,119.201681,50,山东,日照,济南铁路局,客运站
五营,,48.116581,129.235943,50,黑龙江,伊春,哈尔滨铁路局,客运站
五道沟,,42.134832,125.870264,50,吉林,通化,沈阳铁路局,客运站
五龙背,,40.258269,124.269725,50,辽宁,丹东,沈阳铁路局,客运站
井冈山,,26.731302,114.292142,75,江西,吉安,南昌铁路局,客运站
井南,,37.997752,114.017569,50,河北,石家庄,北京铁路局,客运站
井店,,36.60481,113.716185,50,河北,邯郸,北京铁路局,客运站
井陉,,38.034,114.130952,50,河北,石家庄,北京铁路局,客运站
亚布力,,44.927042,128.608966,50,黑龙江,哈尔滨,哈尔滨铁路局,客运站
亚布力南,,44.790609,128.482301,55,黑龙江,哈尔滨,哈尔滨铁路局,客运站
亚龙湾,,18.304451,109.598336,50,海南,三亚,广铁集团,客运站
交城,,37.519274,112.189394,50,山西,吕梁,太原铁路局,客运站
京山,,31.037814,113.130173,50,湖北,荆门,武汉铁路局,客运站
亭亮,,22.219582,107.184071,50,广西壮族自治区,崇左,南宁铁路局,客运站
亮甲店,,39.211217,121.931584,50,辽宁,大连,沈阳铁路局,客运站
亳州,,33.849319,115.791992,75,安徽,亳州,上海铁路局,客运站
仁布,,29.313414,89.809088,50,西藏自治区,日喀则,青藏铁路公司,客运站
仙人桥,,42.173849,127.234121,50,吉林,白山,沈阳铁路局,客运站
仙林,,32.124796,118.907615,50,江苏,南京,上海铁路局,客运站
仙桃西,,30.42605,113.134095,50,湖北,仙桃,武汉铁路局,客运站
代县,,39.07621,112.977642,50,山西,忻州,太原铁路局,客运站
任丘,,38.693391,116.138225,50,河北,沧州,北京铁路局,客运站
伊图里河,,50.627083,121.546014,55,内蒙古自治区,呼伦贝尔,哈尔滨铁路局,客运站
伊宁,,43.95453,81.500145,100,新疆维吾尔自治区,伊犁哈萨克自治州,乌鲁木齐铁路局,客运站
伊宁东,,43.95453,81.500145,50,新疆维吾尔自治区,伊犁哈萨克自治州,乌鲁木齐铁路局,客运站
伊尔施,,47.287579,119.83244,50,内蒙古自治区,兴安盟,沈阳铁路局,客运站
伊拉哈,,48.824071,125.157009,50,黑龙江,黑河,哈尔滨铁路局,客运站
伊春,,47.726905,128.91994,65,黑龙江,伊春,哈尔滨铁路局,客运站
伊林,,44.597839,130.346127,50,黑龙江,牡丹江,哈尔滨铁路局,客运站
会同,,26.885774,109.727632,50,湖南,怀化,广铁集团,客运站
低庄,,28.052639,110.710731,50,湖南,怀化,广铁集团,客运站
低窝铺,,40.141345,97.242961,50,甘肃,酒泉,兰州铁路局,客运站
余姚,,30.056932,121.156445,50,浙江,宁波,上海铁路局,客运站
余姚北,,30.100974,121.163857,50,浙江,宁波,上海铁路局,客运站
余杭,,30.382929,120.291696,50,浙江,杭州,上海铁路局,客运站
余江,,28.218204,116.81424,50,江西,鹰潭,南昌铁路局,客运站
余粮堡,,43.437791,121.963359,50,内蒙古自治区,通辽,沈阳铁路局,客运站
佛山,,23.049878,113.098416,50,广东,佛山,广铁集团,客运站
佳木斯,,46.802393,130.375307,100,黑龙江,佳木斯,哈尔滨铁路局,客运站
依安,,47.872672,125.279429,50,黑龙江,齐齐哈尔,哈尔滨铁路局,客运站
侯马,,35.613203,111.352145,55,山西,临汾,太原铁路局,客运站
侯马西,,35.602101,111.282082,50,山西,临汾,太原铁路局,客运站
保定,,38.862601,115.473619,70,河北,保定,北京铁路局,客运站
保定东,,38.863534,115.595701,50,河北,保定,北京铁路局,客运站
保康,,44.125931,123.320518,50,内蒙古自治区,通辽,沈阳铁路局,客运站
信丰,,25.401155,114.902982,50,江西,赣州,南昌铁路局,客运站
信宜,,22.333301,110.961314,100,广东,茂名,广铁集团,客运站
信阳,,32.130874,114.076359,75,河南,信阳,武汉铁路局,客运站
信阳东,,32.146327,114.154511,55,河南,信阳,武汉铁路局,客运站
修武,,35.243569,113.432561,50,河南,焦作,郑州铁路局,客运站
倭肯,,46.002714,130.523139,50,黑龙江,七台河,哈尔滨铁路局,客运站
偃师,,34.729569,112.788236,50,河南,洛阳,郑州铁路局,客运站
偏岭,,41.386167,123.972536,50,辽宁,本溪,沈阳铁路局,客运站
元宝山,,42.232469,119.235592,50,内蒙古自治区,赤峰,沈阳铁路局,客运站
元氏,,37.758912,114.538573,50,河北,石家庄,北京铁路局,客运站
元谋,,25.741606,101.841079,50,云南,楚雄彝族自治州,昆明铁路局,客运站
光明城,,22.736195,113.949612,50,广东,深圳,广铁集团,客运站
光泽,,27.553364,117.346314,50,福建,南平,南昌铁路局,客运站
克一河,,50.656333,122.493669,50,内蒙古自治区,呼伦贝尔,哈尔滨铁路局,客运站
克东,,48.158184,126.204785,50,黑龙江,齐齐哈尔,哈尔滨铁路局,客运站
克山,,48.014069,125.844083,50,黑龙江,齐齐哈尔,哈尔滨铁路局,客运站
克拉玛依,,45.527525,84.892756,95,新疆维吾尔自治区,克拉玛依,乌鲁木齐铁路局,客运站
免渡河,,49.097761,121.060142,50,内蒙古自治区,呼伦贝尔,哈尔滨铁路局,客运站
兖州,,35.555872,116.835457,50,山东,济宁,济南铁路局,客运站
全州南,,25.956552,111.03636,50,广西壮族自治区,桂林,南宁铁路局,客运站
全椒,,32.06372,118.276663,50,安徽,滁州,上海铁路局,客运站
八仙筒,,43.199597,121.05704,50,内蒙古自治区,通辽,沈阳铁路局,客运站
八角台,,41.283976,121.239181,50,辽宁,锦州,沈阳铁路局,客运站
八达岭,,40.357638,115.990108,50,北京,延庆县,北京铁路局,客运站
八面城,,43.206419,124.05511,50,辽宁,铁岭,沈阳铁路局,客运站
八面通,,44.924187,130.534221,55,黑龙江,牡丹江,哈尔滨铁路局,客运站
公主岭,,43.506485,124.805954,55,吉林,四平,沈阳铁路局,客运站
公主岭南,,43.471124,124.809629,50,吉林,四平,沈阳铁路局,客运站
公庙子,,40.623876,108.959264,50,内蒙古自治区,巴彦淖尔,呼和浩特铁路局,客运站
公营子,,41.355463,119.845393,50,辽宁,朝阳,沈阳铁路局,客运站
六合镇,,48.348305,124.690716,50,黑龙江,齐齐哈尔,哈尔滨铁路局,客运站
六安,,31.717103,116.495036,100,安徽,六安,上海铁路局,客运站
六枝,,26.228884,105.461106,50,贵州,六盘水,成都铁路局,客运站
六盘水,,26.59502,104.84904,65,贵州,六盘水,成都铁路局,客运站
兰岗,,44.264885,129.405066,50,黑龙江,牡丹江,哈尔滨铁路局,客运站
兰州,,36.035269,103.848899,100,甘肃,兰州,兰州铁路局,客运站
兰州西,,36.068615,103.750219,100,甘肃,兰州,兰州铁路局,客运站
兰棱,,45.218371,126.182942,50,黑龙江,哈尔滨,哈尔滨铁路局,客运站
兰溪,,29.216057,119.474847,55,浙江,金华,上海铁路局,客运站
兰考,,34.816293,114.813972,50,河南,开封,郑州铁路局,客运站
共青城,,29.245116,115.769658,50,江西,九江,南昌铁路局,客运站
关林,,34.635455,112.506838,50,河南,洛阳,郑州铁路局,客运站
兴业,,22.740549,109.893065,50,广西壮族自治区,玉林,南宁铁路局,客运站
兴义,,25.168903,104.984192,50,贵州,黔西南布依族苗族自治州,南宁铁路局,客运站
兴凯,,45.703746,132.061691,50,黑龙江,鸡西,哈尔滨铁路局,客运站
兴和西,,40.847986,113.806536,50,内蒙古自治区,乌兰察布,呼和浩特铁路局,客运站
兴国,,26.333202,115.314136,50,江西,赣州,南昌铁路局,客运站
兴城,,40.621924,120.696655,50,辽宁,葫芦岛,沈阳铁路局,客运站
兴宁,,24.105162,115.72395,50,广东,梅州,广铁集团,客运站
兴安,,25.621182,110.656987,50,广西壮族自治区,桂林,南宁铁路局,客运站
兴安北,,25.677298,110.661673,55,广西壮族自治区,桂林,南宁铁路局,客运站
兴平,,34.290526,108.484151,50,陕西,咸阳,西安铁路局,客运站
兴隆县,,40.435869,117.507659,55,河北,承德,北京铁路局,客运站
兴隆店,,41.978731,123.050934,50,辽宁,沈阳,沈阳铁路局,客运站
兴隆镇,,46.442056,127.113179,50,黑龙江,哈尔滨,哈尔滨铁路局,客运站
内乡,,33.069871,111.860075,50,河南,南阳,郑州铁路局,客运站
内江,,29.59067,105.034293,60,四川,内江,成都铁路局,客运站
册亨,,24.995647,105.79311,50,贵州,黔西南布依族苗族自治州,南宁铁路局,客运站
冕宁,,28.287449,102.191086,50,四川,凉山彝族自治州,成都铁路局,客运站
军粮城北,,39.064801,117.421897,50,天津,东丽区,北京铁路局,客运站
农安,,43.909413,125.317664,50,吉林,长春,沈阳铁路局,客运站
冠豸山,,25.527359,116.674803,50,福建,龙岩,南昌铁路局,客运站
冯屯,,47.46292,124.124387,50,黑龙江,齐齐哈尔,哈尔滨铁路局,客运站
冷水江东,,27.688198,111.488417,50,湖南,娄底,广铁集团,客运站
凌海,,41.179139,121.357653,50,辽宁,锦州,沈阳铁路局,客运站
凌源,,41.233455,119.377475,70,辽宁,朝阳,沈阳铁路局,客运站
凌源东,,41.261092,119.408546,50,辽宁,朝阳,沈阳铁路局,客运站
凤凰城,,40.447226,124.051126,50,辽宁,丹东,沈阳铁路局,客运站
凤县,,33.906269,106.503087,50,陕西,宝鸡,西安铁路局,客运站
凤州,,33.977793,106.657435,50,陕西,宝鸡,西安铁路局,客运站
凤阳,,32.909021,117.620967,50,安徽,滁州,上海铁路局,客运站
凭祥,,22.083031,106.738467,65,广西壮族自治区,崇左,南宁铁路局,客运站
凯里,,26.606343,107.97227,50,贵州,黔东南,成都铁路局,客运站
刀尔登,,40.747572,119.116204,50,辽宁,朝阳,沈阳铁路局,客运站
分宜,,27.809378,114.658641,50,江西,新余,南昌铁路局,客运站
刘家店,,44.800988,126.302854,50,吉林,长春,沈阳铁路局,客运站
刘家河,,40.670178,123.980999,50,辽宁,丹东,沈阳铁路局,客运站
利川,,30.282031,108.935953,85,湖北,恩施土家族苗族自治州,武汉铁路局,客运站
到保,,45.596297,123.164926,50,吉林,白城,沈阳铁路局,客运站
前山,,22.237345,113.521051,50,广东,珠海,广铁集团,客运站
前磨头,,37.795161,115.486601,50,河北,衡水,北京铁路局,客运站
前进镇,,47.541533,133.116637,60,黑龙江,佳木斯,哈尔滨铁路局,客运站
前锋,,47.600038,133.881459,50,黑龙江,佳木斯,哈尔滨铁路局,客运站
加格达奇,,50.418861,124.118614,95,内蒙古自治区,呼伦贝尔,哈尔滨铁路局,客运站
勃利,,45.753942,130.552535,50,黑龙江,七台河,哈尔滨铁路局,客运站
勉县,,33.173093,106.688027,50,陕西,汉中,西安铁路局,客运站
包头,,40.605048,109.830195,100,内蒙古自治区,包头,呼和浩特铁路局,客运站
包头东,,40.568993,110.018848,75,内蒙古自治区,包头,呼和浩特铁路局,客运站
化州,,21.655872,110.647312,50,广东,茂名,南宁铁路局,客运站
北京,,39.902318,116.421034,100,北京,东城区,北京铁路局,客运站
北京东,,39.90151,116.478602,65,北京,朝阳区,北京铁路局,客运站
北京北,,39.940907,116.348024,50,北京,西城区,北京铁路局,客运站
北京南,,39.863505,116.372828,100,北京,丰台区,北京铁路局,客运站
北京西,,39.893457,116.315031,100,北京,丰台区,北京铁路局,客运站
北台,,41.228849,123.632485,50,辽宁,本溪,沈阳铁路局,客运站
北安,,48.233558,126.505719,75,黑龙江,黑河,哈尔滨铁路局,客运站
北屯市,,47.332166,87.813867,65,新疆维吾尔自治区,阿勒泰,乌鲁木齐铁路局,客运站
北戴河,,39.849464,119.41378,50,河北,秦皇岛,北京铁路局,客运站
北流,,22.600245,110.152361,50,广西壮族自治区,玉林,南宁铁路局,客运站
北海,,21.455194,109.123971,100,广西壮族自治区,北海,南宁铁路局,客运站
北滘,,22.918195,113.25832,50,广东,佛山,广铁集团,客运站
北碚,,29.805098,106.427714,50,重庆,北碚区,成都铁路局,客运站
北票南,,41.700044,120.812903,50,辽宁,朝阳,沈阳铁路局,客运站
十堰,,32.605774,110.776289,100,湖北,十堰,武汉铁路局,客运站
十渡,,39.646206,115.583354,50,北京,房山区,北京铁路局,客运站
千河,,34.392479,107.299002,50,陕西,宝鸡,西安铁路局,客运站
千阳,,34.636496,107.110946,50,陕西,宝鸡,西安铁路局,客运站
华城,,24.073674,115.62027,50,广东,梅州,广铁集团,客运站
华安,,25.00521,117.529834,50,福建,漳州,南昌铁路局,客运站
华家,,44.287817,125.133283,50,吉林,长春,沈阳铁路局,客运站
华容,,30.52736,114.717278,50,湖北,黄冈,武汉铁路局,客运站
华容东,,30.534453,114.781273,50,湖北,鄂州,武汉铁路局,客运站
华容南,,30.44927,114.76937,50,湖北,鄂州,武汉铁路局,客运站
华山,,34.556139,110.135191,50,陕西,渭南,西安铁路局,客运站
华山北,,34.581704,110.093004,55,陕西,渭南,西安铁路局,客运站
华蓥,,30.366102,106.777147,50,四川,广安,成都铁路局,客运站
协荣,,29.392238,90.914945,50,西藏自治区,拉萨,青藏铁路公司,客运站
卓资东,,40.922947,112.612932,50,内蒙古自治区,乌兰察布,呼和浩特铁路局,客运站
卓资山,,40.901056,112.555131,50,内蒙古自治区,乌兰察布,呼和浩特铁路局,客运站
南丰,,27.28964,116.595022,55,江西,抚州,南昌铁路局,客运站
南丹,,24.974656,107.553931,50,广西壮族自治区,河池,南宁铁路局,客运站
南京,,32.089171,118.792979,100,江苏,南京,上海铁路局,客运站
南京南,,31.970737,118.792759,100,江苏,南京,上海铁路局,客运站
南仇,,36.747191,118.248451,50,山东,淄博,济南铁路局,客运站
南充,,30.809653,106.081673,80,四川,南充,成都铁路局,客运站
南关岭,,39.005577,121.576551,50,辽宁,大连,沈阳铁路局,客运站
南口,,40.237858,116.123338,50,北京,昌平区,北京铁路局,客运站
南口前,,41.997869,124.607923,50,辽宁,抚顺,沈阳铁路局,客运站
南召,,33.441748,112.734179,50,河南,南阳,郑州铁路局,客运站
南台,,40.920562,122.802665,50,辽宁,鞍山,沈阳铁路局,客运站
南城,,27.567344,116.611286,50,江西,抚州,南昌铁路局,客运站
南头,,22.531105,113.902647,50,广东,深圳,广铁集团,客运站
南宁,,22.829528,108.311197,100,广西壮族自治区,南宁,南宁铁路局,客运站
南宫东,,37.175186,115.695956,50,河北,邢台,北京铁路局,客运站
南岔,,47.131969,129.27336,50,黑龙江,伊春,哈尔滨铁路局,客运站
南峪,,37.989643,113.931525,50,河北,石家庄,北京铁路局,客运站
南平,,26.625661,118.172742,50,福建,南平,南昌铁路局,客运站
南平南,,26.629656,118.209775,55,福建,南平,南昌铁路局,客运站
南昌,,28.6654,115.914324,100,江西,南昌,南昌铁路局,客运站
南昌西,,28.625739,115.78756,100,江西,南昌,南昌铁路局,客运站
南朗,,22.492684,113.528695,50,广东,中山,广铁集团,客运站
南木,,48.176548,122.360093,50,内蒙古自治区,呼伦贝尔,哈尔滨铁路局,客运站
南杂木,,41.963256,124.401296,50,辽宁,抚顺,沈阳铁路局,客运站
南桥,,40.711905,119.930738,50,辽宁,葫芦岛,沈阳铁路局,客运站
南翔北,,31.283424,121.304901,50,上海,嘉定区,上海铁路局,客运站
南芬,,41.100798,123.743586,55,辽宁,本溪,沈阳铁路局,客运站
南通,,32.070411,120.855943,100,江苏,南通,上海铁路局,客运站
南阳,,33.000431,112.506233,75,河南,南阳,郑州铁路局,客运站
南陵,,30.838234,118.292676,50,安徽,芜湖,上海铁路局,客运站
南靖,,24.581575,117.444077,50,福建,漳州,南昌铁路局,客运站
博乐,,44.931355,82.647785,55,新疆维吾尔自治区,博尔塔拉蒙古自治州,乌鲁木齐铁路局,客运站
博克图,,48.751852,121.90977,50,内蒙古自治区,呼伦贝尔,哈尔滨铁路局,客运站
博兴,,37.135038,118.136539,50,山东,滨州,济南铁路局,客运站
博鳌,,19.1385,110.482231,50,海南,琼海,广铁集团,客运站
卢龙,,39.95103,118.977519,50,河北,秦皇岛,北京铁路局,客运站
卧里屯,,46.468029,125.211431,50,黑龙江,大庆,哈尔滨铁路局,客运站
卫东,,45.927774,122.234155,50,内蒙古自治区,兴安盟,沈阳铁路局,客运站
卫星,,45.720953,132.485839,50,黑龙江,鸡西,哈尔滨铁路局,客运站
卫辉,,35.432045,114.055922,50,河南,新乡,郑州铁路局,客运站
原平,,38.719039,112.721542,60,山西,忻州,太原铁路局,客运站
原林,,49.884834,121.3885,50,内蒙古自治区,呼伦贝尔,哈尔滨铁路局,客运站
厦门,,24.470271,118.11118,100,福建,厦门,南昌铁路局,客运站
厦门北,,24.63898,118.06911,100,福建,厦门,南昌铁路局,客运站
友好,,47.862376,128.841772,50,黑龙江,伊春,哈尔滨铁路局,客运站
双丰,,46.977287,127.760451,50,黑龙江,伊春,哈尔滨铁路局,客运站
双城堡,,45.393874,126.286499,60,黑龙江,哈尔滨,哈尔滨铁路局,客运站
双河镇,,43.46526,126.176852,50,吉林,吉林,沈阳铁路局,客运站
双牌,,26.02321,111.655333,50,湖南,永州,南宁铁路局,客运站
双羊店,,41.108965,121.263013,50,辽宁,辽阳,沈阳铁路局,客运站
双鸭山,,46.643065,131.144035,75,黑龙江,双鸭山,哈尔滨铁路局,客运站
发耳,,26.321121,104.809086,50,贵州,六盘水,昆明铁路局,客运站
口前,,43.663846,126.491112,50,吉林,吉林,沈阳铁路局,客运站
古东,,37.926337,112.230621,50,山西,太原,太原铁路局,客运站
古交,,37.916759,112.158089,50,山西,太原,太原铁路局,客运站
古城镇,,45.352506,130.287549,50,黑龙江,牡丹江,哈尔滨铁路局,客运站
古浪,,37.479836,102.915814,50,甘肃,武威,兰州铁路局,客运站
古田,,26.432558,118.619068,50,福建,宁德,南昌铁路局,客运站
古莲,,52.958966,122.371608,55,黑龙江,大兴安岭地区,哈尔滨铁路局,客运站
古镇,,22.600802,113.200815,50,广东,中山,广铁集团,客运站
句容西,,31.835035,118.974212,50,江苏,镇江,上海铁路局,客运站
台前,,35.964046,115.857898,50,河南,濮阳,济南铁路局,客运站
台安,,41.443631,122.425457,50,辽宁,鞍山,沈阳铁路局,客运站
台州,,28.688904,121.285848,75,浙江,台州,上海铁路局,客运站
叶城,,37.892064,77.470662,55,新疆维吾尔自治区,喀什,乌鲁木齐铁路局,客运站
叶柏寿,,41.390524,119.63696,60,辽宁,朝阳,沈阳铁路局,客运站
合川,,29.963311,106.274265,60,重庆,合川区,成都铁路局,客运站
合浦,,21.625671,109.18405,50,广西壮族自治区,北海,南宁铁路局,客运站
合肥,,31.887762,117.311941,100,安徽,合肥,上海铁路局,客运站
合肥北城,,32.0654,117.247434,50,安徽,合肥,上海铁路局,客运站
合肥南,,31.800544,117.28484,100,安徽,合肥,上海铁路局,客运站
合阳,,35.195701,110.086079,50,陕西,渭南,西安铁路局,客运站
吉安,,27.108538,115.015997,50,江西,吉安,南昌铁路局,客运站
吉文,,50.593274,123.208485,50,内蒙古自治区,呼伦贝尔,哈尔滨铁路局,客运站
吉林,,43.856443,126.571489,100,吉林,吉林,沈阳铁路局,客运站
吉舒,,44.286039,126.79648,50,吉林,吉林,沈阳铁路局,客运站
吉首,,28.327892,109.730367,50,湖南,湘西土家族苗族自治州,广铁集团,客运站
同心,,36.993942,105.922406,50,宁夏回族自治区,吴忠,兰州铁路局,客运站
吐列毛杜,,45.535904,120.882146,50,内蒙古自治区,兴安盟,沈阳铁路局,客运站
吐哈,,43.058754,90.530062,50,新疆维吾尔自治区,吐鲁番,乌鲁木齐铁路局,客运站
吐鲁番,,43.150326,88.872731,50,新疆维吾尔自治区,吐鲁番,乌鲁木齐铁路局,客运站
吐鲁番北,,43.020668,89.108132,70,新疆维吾尔自治区,吐鲁番,乌鲁木齐铁路局,客运站
向塘,,28.446287,115.955997,50,江西,南昌,南昌铁路局,客运站
向阳,,47.34847,130.293371,50,黑龙江,牡丹江,哈尔滨铁路局,客运站
吕梁,,37.567579,111.131474,60,山西,吕梁,太原铁路局,客运站
吴堡,,38.031779,110.272722,50,陕西,榆林,西安铁路局,客运站
吴家屯,,41.623441,123.439118,50,辽宁,沈阳,沈阳铁路局,客运站
吴桥,,37.626269,116.380858,50,河北,沧州,北京铁路局,客运站
周口,,33.580795,114.660175,70,河南,周口,武汉铁路局,客运站
周家,,45.459668,126.666285,50,黑龙江,哈尔滨,哈尔滨铁路局,客运站
周家屯,,41.57421,121.079358,50,辽宁,锦州,沈阳铁路局,客运站
周水子,,38.954638,121.555756,50,辽宁,大连,沈阳铁路局,客运站
呼中,,52.034873,123.599246,50,黑龙江,大兴安岭地区,哈尔滨铁路局,客运站
呼兰,,45.996492,126.640287,50,黑龙江,哈尔滨,哈尔滨铁路局,客运站
呼源,,51.731976,123.570511,50,黑龙江,大兴安岭地区,哈尔滨铁路局,客运站
和什托洛盖,,46.406143,86.271311,50,新疆维吾尔自治区,伊犁哈萨克自治州,乌鲁木齐铁路局,客运站
和平,,24.460519,114.964084,50,广东,河源,广铁集团,客运站
和田,,37.158338,79.905141,85,新疆维吾尔自治区,和田,乌鲁木齐铁路局,客运站
和硕,,42.233512,87.378948,50,新疆维吾尔自治区,巴音郭楞蒙古自治州,乌鲁木齐铁路局,客运站
和龙,,42.553414,128.988941,50,吉林,延边朝鲜族自治州,沈阳铁路局,客运站
咸宁,,29.882244,114.283475,50,湖北,咸宁,武汉铁路局,客运站
咸宁东,,29.868494,114.339736,50,湖北,咸宁,武汉铁路局,客运站
咸宁北,,29.901616,114.296639,50,湖北,咸宁,武汉铁路局,客运站
咸宁南,,29.839599,114.300142,90,湖北,咸宁,武汉铁路局,客运站
咸阳,,34.345274,108.730077,50,陕西,咸阳,西安铁路局,客运站
咸阳秦都,,34.332684,108.66222,50,陕西,咸阳,西安铁路局,客运站
哈克,,49.189604,120.075813,50,内蒙古自治区,呼伦贝尔,哈尔滨铁路局,客运站
哈密,,42.847972,93.504348,100,新疆维吾尔自治区,哈密,乌鲁木齐铁路局,客运站
哈尔滨,,45.759174,126.626363,100,黑龙江,哈尔滨,哈尔滨铁路局,客运站
哈尔滨东,,45.786416,126.704704,100,黑龙江,哈尔滨,哈尔滨铁路局,客运站
哈尔滨西,,45.704964,126.572002,100,黑龙江,哈尔滨,哈尔滨铁路局,客运站
哈拉海,,44.677887,125.088627,50,吉林,长春,沈阳铁路局,客运站
哈拉苏,,48.114386,122.421356,50,内蒙古自治区,呼伦贝尔,哈尔滨铁路局,客运站
哲里木,,43.631345,122.195049,50,内蒙古自治区,通辽,呼和浩特铁路局,客运站
唐家,,41.676526,122.244054,50,辽宁,锦州,沈阳铁路局,客运站
唐家湾,,22.365825,113.54633,50,广东,珠海,广铁集团,客运站
唐山,,39.624298,118.113757,90,河北,唐山,北京铁路局,客运站
唐山北,,39.81563,118.11302,50,河北,唐山,北京铁路局,客运站
唐河,,32.669144,112.845403,50,河南,南阳,郑州铁路局,客运站
商丘,,34.444987,115.651356,100,河南,商丘,郑州铁路局,客运站
商丘南,,34.40946,115.699055,50,河南,商丘,郑州铁路局,客运站
商南,,33.527998,110.895601,55,陕西,商洛,西安铁路局,客运站
商城,,31.955557,115.436944,50,河南,信阳,武汉铁路局,客运站
商洛,,33.82293,110.013266,50,陕西,商洛,西安铁路局,客运站
喀什,,39.492206,76.046335,100,新疆维吾尔自治区,喀什,乌鲁木齐铁路局,客运站
喇嘛甸,,46.706125,124.773994,50,黑龙江,大庆,哈尔滨铁路局,客运站
喜德,,28.319458,102.40509,50,四川,凉山彝族自治州,成都铁路局,客运站
嘉兴,,30.766542,120.758917,50,浙江,嘉兴,上海铁路局,客运站
嘉兴南,,30.693299,120.795516,80,浙江,嘉兴,上海铁路局,客运站
嘉善,,30.852316,120.914234,50,浙江,嘉兴,上海铁路局,客运站
嘉善南,,30.790493,120.931546,50,浙江,嘉兴,上海铁路局,客运站
嘉峪关,,39.7639,98.253932,85,甘肃,嘉峪关,兰州铁路局,客运站
嘉峰,,35.586614,112.516395,50,山西,晋城,郑州铁路局,客运站
嘉祥,,35.392713,116.352708,50,山东,济宁,济南铁路局,客运站
嘎什甸子,,43.308863,121.351592,50,内蒙古自治区,通辽,沈阳铁路局,客运站
四合永,,41.805738,117.827533,50,河北,承德,沈阳铁路局,客运站
四平,,43.1655,124.366879,65,吉林,四平,沈阳铁路局,客运站
四平东,,43.135044,124.432466,50,吉林,四平,沈阳铁路局,客运站
四方台,,46.667596,131.300639,50,黑龙江,双鸭山,哈尔滨铁路局,客运站
四道湾,,42.481465,119.634093,50,内蒙古自治区,赤峰,沈阳铁路局,客运站
团结,,48.101754,124.609583,50,黑龙江,齐齐哈尔,哈尔滨铁路局,客运站
固原,,36.021153,106.301144,50,宁夏回族自治区,固原,兰州铁路局,客运站
固始,,31.917316,115.664301,55,河南,信阳,武汉铁路局,客运站
固镇,,33.31874,117.300985,50,安徽,蚌埠,上海铁路局,客运站
图们,,42.963215,129.834519,85,吉林,延边朝鲜族自治州,沈阳铁路局,客运站
图强,,52.936177,122.791042,50,黑龙江,大兴安岭地区,哈尔滨铁路局,客运站
图里河,,50.482362,121.66773,50,内蒙古自治区,呼伦贝尔,哈尔滨铁路局,客运站
土地堂东,,30.214863,114.332169,50,湖北,武汉,武汉铁路局,客运站
土溪,,31.02292,107.071747,50,四川,达州,成都铁路局,客运站
土牧尔台,,41.848825,113.138146,50,内蒙古自治区,乌兰察布,呼和浩特铁路局,客运站
土贵乌拉,,40.784388,113.198559,50,内蒙古自治区,乌兰察布,呼和浩特铁路局,客运站
坪石,,25.287196,113.0485,50,广东,韶关,广铁集团,客运站
城固,,33.14057,107.318051,50,陕西,汉中,西安铁路局,客运站
城子坦,,39.505836,122.48794,50,辽宁,大连,沈阳铁路局,客运站
塔哈,,47.556098,124.231338,50,黑龙江,齐齐哈尔,哈尔滨铁路局,客运站
塔尔气,,47.984622,121.188077,60,内蒙古自治区,呼伦贝尔,哈尔滨铁路局,客运站
塔河,,52.337876,124.698432,65,黑龙江,大兴安岭地区,哈尔滨铁路局,客运站
塘沽,,39.02624,117.634944,50,天津,滨海新区,北京铁路局,客运站
墨玉,,37.222746,79.730564,50,新疆维吾尔自治区,和田,乌鲁木齐铁路局,客运站
夏官营,,35.953235,104.176813,50,甘肃,兰州,兰州铁路局,客运站
夏石,,22.128045,106.906391,50,广西壮族自治区,崇左,南宁铁路局,客运站
夏邑县,,34.411308,116.024835,50,河南,商丘,上海铁路局,客运站
大关,,27.836778,103.976847,50,云南,昭通,成都铁路局,客运站
大兴,,39.72019,116.326143,50,北京,大兴区,哈尔滨铁路局,客运站
大兴沟,,43.41,129.655946,50,吉林,延边朝鲜族自治州,沈阳铁路局,客运站
大冶北,,30.123555,114.995071,80,湖北,黄石,武汉铁路局,客运站
大同,,40.119055,113.296105,100,山西,大同,太原铁路局,客运站
大埔,,24.412592,116.5728,60,广东,梅州,广铁集团,客运站
大堡,,40.551322,124.245173,50,辽宁,丹东,沈阳铁路局,客运站
大安,,45.493204,124.257705,50,吉林,白城,沈阳铁路局,客运站
大安北,,45.514785,124.233018,50,吉林,白城,沈阳铁路局,客运站
大官屯,,41.854911,123.86497,50,辽宁,抚顺,沈阳铁路局,客运站
大屯,,43.778081,125.158131,50,吉林,长春,沈阳铁路局,客运站
大巴,,42.099847,121.997764,50,辽宁,阜新,沈阳铁路局,客运站
大平房,,41.434372,120.164111,50,辽宁,朝阳,沈阳铁路局,客运站
大庆,,46.596349,125.005451,50,黑龙江,大庆,哈尔滨铁路局,客运站
大庆西,,46.655044,124.879554,70,黑龙江,大庆,哈尔滨铁路局,客运站
大成,,41.825655,123.344918,50,辽宁,沈阳,沈阳铁路局,客运站
大杨树,,49.753199,124.609423,50,内蒙古自治区,呼伦贝尔,哈尔滨铁路局,客运站
大板,,43.529012,118.639743,50,内蒙古自治区,赤峰,呼和浩特铁路局,客运站
大林,,43.714125,122.802461,50,内蒙古自治区,通辽,沈阳铁路局,客运站
大武口,,38.915961,106.417128,60,宁夏回族自治区,石嘴山,兰州铁路局,客运站
大理,,25.592044,100.248691,100,云南,大理白族自治州,昆明铁路局,客运站
大石头,,43.303631,128.495774,50,吉林,延边朝鲜族自治州,沈阳铁路局,客运站
大石寨,,46.316146,121.383986,50,内蒙古自治区,兴安盟,沈阳铁路局,客运站
大石桥,,40.643895,122.500743,50,辽宁,营口,沈阳铁路局,客运站
大竹园,,32.562245,108.722378,50,陕西,安康,西安铁路局,客运站
大红旗,,41.871941,122.608422,50,辽宁,沈阳,沈阳铁路局,客运站
大英东,,30.570083,105.276039,50,四川,遂宁,成都铁路局,客运站
大荔,,34.89854,109.822607,50,陕西,渭南,西安铁路局,客运站
大营,,39.285351,113.726195,50,山西,忻州,太原铁路局,客运站
大营子,,41.46022,120.313528,50,辽宁,朝阳,沈阳铁路局,客运站
大营镇,,37.317831,115.72939,50,河北,衡水,北京铁路局,客运站
大虎山,,41.611498,122.143182,50,辽宁,锦州,沈阳铁路局,客运站
大连,,38.921575,121.627747,100,辽宁,大连,沈阳铁路局,客运站
大连北,,39.015901,121.602455,100,辽宁,大连,沈阳铁路局,客运站
大陆号,,41.205025,113.277046,50,内蒙古自治区,乌兰察布,呼和浩特铁路局,客运站
大雁,,49.230383,120.545844,50,内蒙古自治区,呼伦贝尔,哈尔滨铁路局,客运站
大青沟,,42.822391,122.182151,50,内蒙古自治区,通辽,沈阳铁路局,客运站
天义,,41.593018,119.331365,50,内蒙古自治区,赤峰,沈阳铁路局,客运站
天岗,,43.902195,126.94953,50,吉林,吉林,沈阳铁路局,客运站
天柱山,,30.65831,116.555688,50,安徽,安庆,上海铁路局,客运站
天桥岭,,43.584371,129.626332,50,吉林,延边朝鲜族自治州,沈阳铁路局,客运站
天水,,34.566889,105.894534,50,甘肃,天水,兰州铁路局,客运站
天津,,39.134632,117.203822,100,天津,河北区,北京铁路局,客运站
天津南,,39.056013,117.054497,50,天津,西青区,北京铁路局,客运站
天津西,,39.157413,117.157007,100,天津,红桥区,北京铁路局,客运站
天祝,,37.266556,102.840777,50,甘肃,武威,兰州铁路局,客运站
天门,,30.430248,113.450523,50,湖北,天门,武汉铁路局,客运站
天门南,,30.430248,113.450523,50,湖北,天门,武汉铁路局,客运站
太原,,37.860021,112.581385,100,山西,太原,太原铁路局,客运站
太原东,,37.884619,112.579647,50,山西,太原,太原铁路局,客运站
太原北,,37.917476,112.559749,50,山西,太原,太原铁路局,客运站
太原南,,37.791281,112.604281,100,山西,太原,太原铁路局,客运站
太姥山,,27.130172,120.220213,50,福建,宁德,南昌铁路局,客运站
太平川,,44.39748,123.179115,50,吉林,松原,沈阳铁路局,客运站
太平镇,,46.774088,130.716909,50,黑龙江,双鸭山,哈尔滨铁路局,客运站
太湖,,30.462046,116.294788,50,安徽,安庆,上海铁路局,客运站
太谷西,,37.447685,112.503108,50,山西,晋中,太原铁路局,客运站
太阳升,,45.93707,124.580956,50,黑龙江,大庆,沈阳铁路局,客运站
太阳山,,37.451971,106.5645,50,宁夏回族自治区,吴忠,兰州铁路局,客运站
夹心子,,39.457057,122.399643,50,辽宁,大连,沈阳铁路局,客运站
奈曼,,42.839104,120.670926,50,内蒙古自治区,通辽,沈阳铁路局,客运站
奉化,,29.630822,121.460073,55,浙江,宁波,上海铁路局,客运站
奎屯,,44.403162,84.898243,85,新疆维吾尔自治区,伊犁哈萨克自治州,乌鲁木齐铁路局,客运站
奎山,,45.226228,130.402014,50,黑龙江,牡丹江,哈尔滨铁路局,客运站
如东,,32.446726,121.172211,60,江苏,南通,上海铁路局,客运站
如皋,,32.385247,120.601965,50,江苏,南通,上海铁路局,客运站
姚千户屯,,41.530168,123.613121,50,辽宁,沈阳,沈阳铁路局,客运站
姚家,,44.776811,125.873941,50,吉林,长春,沈阳铁路局,客运站
姜堰,,32.536112,120.114833,50,江苏,泰州,上海铁路局,客运站
姜家,,46.00886,126.092881,50,黑龙江,绥化,哈尔滨铁路局,客运站
威海,,37.425511,122.139552,100,山东,威海,济南铁路局,客运站
威箐,,25.540596,104.555126,50,贵州,六盘水,昆明铁路局,客运站
威舍,,25.287707,104.747016,50,贵州,黔西南布依族苗族自治州,昆明铁路局,客运站
娄底,,27.742841,112.000766,55,湖南,娄底,广铁集团,客运站
娘子关,,37.966711,113.867595,50,山西,阳泉,北京铁路局,客运站
嫩江,,49.17564,125.241587,60,黑龙江,黑河,哈尔滨铁路局,客运站
子洲,,37.61084,109.94783,50,陕西,榆林,西安铁路局,客运站
子长,,37.152282,109.742554,50,陕西,延安,西安铁路局,客运站
孙吴,,49.424202,127.316127,50,黑龙江,黑河,哈尔滨铁路局,客运站
孙家,,45.6935,126.67695,50,黑龙江,哈尔滨,哈尔滨铁路局,客运站
孙镇,,34.978008,109.761387,50,陕西,渭南,西安铁路局,客运站
孝感,,30.957413,113.923769,50,湖北,孝感,武汉铁路局,客运站
孝感北,,31.590066,114.21562,50,湖北,孝感,武汉铁路局,客运站
孟家岗,,46.419922,130.652639,50,黑龙江,佳木斯,哈尔滨铁路局,客运站
宁国,,30.637298,118.986992,50,安徽,宣城,上海铁路局,客运站
宁安,,44.357385,129.455687,55,黑龙江,牡丹江,哈尔滨铁路局,客运站
宁家,,45.983159,122.162352,50,内蒙古自治区,兴安盟,沈阳铁路局,客运站
宁德,,26.672751,119.579208,50,福建,宁德,南昌铁路局,客运站
宁明,,22.160902,107.060048,50,广西壮族自治区,崇左,南宁铁路局,客运站
宁武,,39.005356,112.312442,70,山西,忻州,太原铁路局,客运站
宁波,,29.864087,121.532164,100,浙江,宁波,上海铁路局,客运站
宁波东,,29.852729,121.579312,50,浙江,宁波,上海铁路局,客运站
宁海,,29.339033,121.415405,65,浙江,宁波,上海铁路局,客运站
宁陵县,,34.574499,115.311905,50,河南,商丘,郑州铁路局,客运站
安亭北,,31.316408,121.153376,50,上海,嘉定区,上海铁路局,客运站
安仁,,26.772209,113.251341,50,湖南,郴州,南昌铁路局,客运站
安化,,28.037406,111.095099,50,湖南,益阳,广铁集团,客运站
安口窑,,35.235351,106.804674,50,甘肃,平凉,西安铁路局,客运站
安图,,43.112834,128.90206,50,吉林,延边朝鲜族自治州,沈阳铁路局,客运站
安塘,,38.820906,111.707642,50,山西,忻州,太原铁路局,客运站
安家,,45.050172,127.061316,50,黑龙江,哈尔滨,哈尔滨铁路局,客运站
安平,,41.185792,123.418522,55,辽宁,辽阳,沈阳铁路局,客运站
安广,,45.573412,123.772225,50,吉林,白城,沈阳铁路局,客运站
安庆,,30.551273,117.059927,100,安徽,安庆,上海铁路局,客运站
安庆西,,30.764345,116.813402,50,安徽,安庆,上海铁路局,客运站
安康,,32.714608,109.012609,95,陕西,安康,西安铁路局,客运站
安达,,46.401109,125.315195,50,黑龙江,绥化,哈尔滨铁路局,客运站
安阳,,36.104631,114.334509,85,河南,安阳,郑州铁路局,客运站
安阳东,,36.084529,114.446049,75,河南,安阳,郑州铁路局,客运站
安陆,,31.25875,113.68929,50,湖北,孝感,武汉铁路局,客运站
安顺,,26.232941,105.939362,50,贵州,安顺,成都铁路局,客运站
安龙,,25.066913,105.240779,50,贵州,黔西南布依族苗族自治州,南宁铁路局,客运站
宋,,46.221145,125.625268,50,黑龙江,绥化,哈尔滨铁路局,客运站
完工,,49.184862,118.89071,50,内蒙古自治区,呼伦贝尔,哈尔滨铁路局,客运站
宏庆,,33.850097,106.422637,50,甘肃,陇南,西安铁路局,客运站
官厅,,40.252955,115.579438,50,河北,张家口,北京铁路局,客运站
官字井,,45.002822,123.796168,50,吉林,松原,沈阳铁路局,客运站
定南,,24.777776,115.000449,55,江西,赣州,南昌铁路局,客运站
定州,,38.529365,114.967532,50,河北,保定,北京铁路局,客运站
定州东,,38.50806,115.069435,50,河北,保定,北京铁路局,客运站
定襄,,38.478601,112.953875,50,山西,忻州,太原铁路局,客运站
定西,,35.592516,104.622471,50,甘肃,定西,兰州铁路局,客运站
定边,,37.561874,107.572577,50,陕西,榆林,兰州铁路局,客运站
定远,,32.586993,117.830986,50,安徽,滁州,上海铁路局,客运站
定陶,,35.065631,115.589975,50,山东,菏泽,济南铁路局,客运站
宜兴,,31.313991,119.80845,70,江苏,无锡,上海铁路局,客运站
宜城,,31.631919,112.178629,50,湖北,襄阳,武汉铁路局,客运站
宜宾,,28.754811,104.598754,50,四川,宜宾,成都铁路局,客运站
宜州,,24.482129,108.623481,50,广西壮族自治区,河池,南宁铁路局,客运站
宜昌东,,30.66049,111.364858,100,湖北,宜昌,武汉铁路局,客运站
宜良北,,24.986661,103.188412,50,云南,昆明,昆明铁路局,客运站
宝华山,,32.150765,119.05012,50,江苏,镇江,上海铁路局,客运站
宝坻,,39.714456,117.329162,65,天津,宝坻区,北京铁路局,客运站
宝拉格,,41.700813,113.140904,50,内蒙古自治区,乌兰察布,呼和浩特铁路局,客运站
宝林,,45.026625,129.970676,50,黑龙江,牡丹江,哈尔滨铁路局,客运站
宝泉岭,,47.433773,130.52121,50,黑龙江,鹤岗,哈尔滨铁路局,客运站
宝鸡,,34.374091,107.148111,100,陕西,宝鸡,西安铁路局,客运站
宝鸡南,,34.336019,107.226448,95,陕西,宝鸡,西安铁路局,客运站
宝龙山,,44.028569,122.734671,50,内蒙古自治区,通辽,沈阳铁路局,客运站
宣化,,40.596721,115.050577,50,河北,张家口,北京铁路局,客运站
宣城,,30.949245,118.768575,50,安徽,宣城,上海铁路局,客运站
宣威,,26.211771,104.116721,65,云南,曲靖,昆明铁路局,客运站
宣汉,,31.545171,107.654126,50,四川,达州,西安铁路局,客运站
容县,,22.862313,110.526964,50,广西壮族自治区,玉林,南宁铁路局,客运站
容桂,,22.754728,113.304395,50,广东,佛山,广铁集团,客运站
宽甸,,40.717961,124.775736,50,辽宁,丹东,沈阳铁路局,客运站
宿州,,33.639963,116.989309,50,安徽,宿州,上海铁路局,客运站
宿州东,,33.677217,117.244717,50,安徽,宿州,上海铁路局,客运站
宿松,,30.231661,116.098753,50,安徽,安庆,上海铁路局,客运站
密云,,40.394317,116.847451,50,北京,密云县,北京铁路局,客运站
密山,,45.548774,131.867279,65,黑龙江,鸡西,哈尔滨铁路局,客运站
富县,,36.008696,109.384374,50,陕西,延安,西安铁路局,客运站
富县东,,36.021071,109.39284,50,陕西,延安,西安铁路局,客运站
富川,,24.795243,111.356713,50,广西壮族自治区,贺州,南宁铁路局,客运站
富拉尔基,,47.208523,123.639512,70,黑龙江,齐齐哈尔,哈尔滨铁路局,客运站
富海,,47.865154,124.842556,50,黑龙江,齐齐哈尔,哈尔滨铁路局,客运站
富源,,25.68467,104.268212,50,云南,曲靖,昆明铁路局,客运站
富裕,,47.79512,124.45369,50,黑龙江,齐齐哈尔,哈尔滨铁路局,客运站
富锦,,47.235217,132.039058,50,黑龙江,佳木斯,哈尔滨铁路局,客运站
寒岭,,41.179356,123.553164,50,辽宁,辽阳,沈阳铁路局,客运站
寒葱沟,,47.969252,134.149798,50,黑龙江,佳木斯,哈尔滨铁路局,客运站
察素齐,,40.703897,111.119381,50,内蒙古自治区,呼和浩特,呼和浩特铁路局,客运站
对青山,,45.9288,126.338878,50,黑龙江,哈尔滨,哈尔滨铁路局,客运站
寿阳,,37.881933,113.183455,50,山西,晋中,太原铁路局,客运站
将乐,,26.699502,117.47473,50,福建,三明,南昌铁路局,客运站
小东,,42.029462,122.323498,50,辽宁,锦州,沈阳铁路局,客运站
小寺沟,,40.898312,118.639764,50,河北,承德,北京铁路局,客运站
小岭,,45.331043,127.315724,50,黑龙江,哈尔滨,哈尔滨铁路局,客运站
小市,,41.308783,124.117501,55,辽宁,本溪,沈阳铁路局,客运站
小平房,,41.382907,119.730197,50,辽宁,朝阳,沈阳铁路局,客运站
小扬气,,50.793852,124.280433,50,内蒙古自治区,呼伦贝尔,哈尔滨铁路局,客运站
小榄,,22.650114,113.264653,50,广东,中山,广铁集团,客运站
小河沿,,42.396548,119.542349,50,内蒙古自治区,赤峰,沈阳铁路局,客运站
小河镇,,33.119242,109.158365,50,陕西,安康,西安铁路局,客运站
小雨谷,,25.474757,104.605122,50,贵州,六盘水,昆明铁路局,客运站
尚家,,46.125672,125.870985,50,黑龙江,绥化,哈尔滨铁路局,客运站
尚志,,45.207095,127.955878,50,黑龙江,哈尔滨,哈尔滨铁路局,客运站
尤溪,,26.170107,118.136644,50,福建,三明,南昌铁路局,客运站
尼勒克,,43.965451,82.045996,50,新疆维吾尔自治区,伊犁哈萨克自治州,乌鲁木齐铁路局,客运站
尼木,,29.333047,90.282287,50,西藏自治区,拉萨,青藏铁路公司,客运站
山丹,,38.812148,101.072374,50,甘肃,张掖,兰州铁路局,客运站
山坡东,,30.088347,114.354471,50,湖北,武汉,武汉铁路局,客运站
山城镇,,42.376302,125.426811,50,吉林,通化,沈阳铁路局,客运站
山市,,44.576769,129.094438,50,黑龙江,牡丹江,哈尔滨铁路局,客运站
山河屯,,44.695004,127.204384,55,黑龙江,哈尔滨,沈阳铁路局,客运站
山海关,,39.999111,119.761575,90,河北,秦皇岛,沈阳铁路局,客运站
山阴,,39.465599,112.933958,50,山西,朔州,太原铁路局,客运站
岐山,,34.277283,107.608386,50,陕西,宝鸡,西安铁路局,客运站
岑溪,,22.906454,110.943513,50,广西壮族自治区,梧州,南宁铁路局,客运站
岔江,,25.065007,104.659601,50,云南,曲靖,昆明铁路局,客运站
岢岚,,38.718208,111.574474,60,山西,忻州,太原铁路局,客运站
岩会,,37.878955,113.73501,50,山西,阳泉,北京铁路局,客运站
岱岳,,39.516863,112.819752,50,山西,朔州,太原铁路局,客运站
岳池,,30.538985,106.466564,50,四川,广安,成都铁路局,客运站
岳阳,,29.378943,113.114104,70,湖南,岳阳,广铁集团,客运站
岳阳东,,29.368933,113.202239,80,湖南,岳阳,广铁集团,客运站
峡江,,27.601887,115.330586,50,江西,吉安,南昌铁路局,客运站
峨眉,,29.594123,103.519953,50,四川,乐山,成都铁路局,客运站
峨边,,29.261757,103.18351,50,四川,乐山,成都铁路局,客运站
峻德,,47.194312,130.28502,50,黑龙江,鹤岗,哈尔滨铁路局,客运站
崇左,,22.406677,107.353994,50,广西壮族自治区,崇左,南宁铁路局,客运站
嵯岗,,49.254605,118.091547,50,内蒙古自治区,呼伦贝尔,哈尔滨铁路局,客运站
巢湖,,31.616653,117.88537,55,安徽,合肥,上海铁路局,客运站
巢湖东,,31.624325,117.917145,50,安徽,合肥,上海铁路局,客运站
工农湖,,44.855413,123.619898,50,吉林,松原,沈阳铁路局,客运站
左岭,,30.502237,114.6048,50,湖北,武汉,武汉铁路局,客运站
巨宝,,44.714021,123.474113,50,吉林,白城,沈阳铁路局,客运站
巨野,,35.379487,116.081939,50,山东,菏泽,济南铁路局,客运站
巩义,,34.761444,112.97484,50,河南,郑州,郑州铁路局,客运站
巩义南,,34.672554,112.909588,50,河南,郑州,郑州铁路局,客运站
巴东,,30.665202,110.352683,50,湖北,恩施土家族苗族自治州,武汉铁路局,客运站
巴中,,31.875641,106.761628,60,四川,巴中,成都铁路局,客运站
巴山,,32.258926,108.113844,50,陕西,汉中,西安铁路局,客运站
巴彦高勒,,40.331973,107.015944,50,内蒙古自治区,巴彦淖尔,呼和浩特铁路局,客运站
巴林,,48.313809,122.326504,50,内蒙古自治区,呼伦贝尔,哈尔滨铁路局,客运站
巴楚,,39.835396,78.547845,50,新疆维吾尔自治区,喀什,乌鲁木齐铁路局,客运站
布海,,44.380843,125.622831,50,吉林,长春,沈阳铁路局,客运站
师宗,,24.828388,104.016718,50,云南,曲靖,昆明铁路局,客运站
带岭,,47.021322,129.013422,50,黑龙江,伊春,哈尔滨铁路局,客运站
常州,,31.787233,119.968517,75,江苏,常州,上海铁路局,客运站
常州北,,31.856195,119.950711,65,江苏,常州,上海铁路局,客运站
常平,,22.985826,114.00127,50,广东,东莞,广铁集团,客运站
常德,,29.074366,111.689446,75,湖南,常德,广铁集团,客运站
帽儿山,,45.27515,127.51415,50,黑龙江,哈尔滨,哈尔滨铁路局,客运站
干沟,,41.859542,125.716484,50,吉林,通化,沈阳铁路局,客运站
平关,,25.655083,104.345674,50,贵州,六盘水,昆明铁路局,客运站
平凉,,35.550991,106.703364,60,甘肃,平凉,兰州铁路局,客运站
平南南,,23.420202,110.428057,50,广西壮族自治区,贵港,南宁铁路局,客运站
平原,,37.169739,116.433827,50,山东,德州,济南铁路局,客运站
平台,,45.717242,122.653541,50,吉林,白城,沈阳铁路局,客运站
平型关,,39.33066,113.942129,50,山西,大同,太原铁路局,客运站
平安,,44.590476,127.167861,50,吉林,吉林,沈阳铁路局,客运站
平安驿,,36.505192,102.107066,50,青海,海东,青藏铁路公司,客运站
平山,,45.320031,127.397878,50,黑龙江,哈尔滨,哈尔滨铁路局,客运站
平岗,,42.971903,124.865062,50,吉林,辽源,沈阳铁路局,客运站
平庄,,42.038834,119.299245,50,内蒙古自治区,赤峰,沈阳铁路局,客运站
平庄南,,41.978921,119.250255,50,内蒙古自治区,赤峰,沈阳铁路局,客运站
平房,,45.583611,126.669366,50,黑龙江,哈尔滨,哈尔滨铁路局,客运站
平旺,,40.067662,113.211617,50,山西,大同,太原铁路局,客运站
平果,,23.319185,107.561909,50,广西壮族自治区,百色,南宁铁路局,客运站
平泉,,40.998168,118.693723,60,河北,承德,北京铁路局,客运站
平洋,,46.596724,123.535237,50,黑龙江,齐齐哈尔,哈尔滨铁路局,客运站
平田,,25.838611,104.503838,50,贵州,六盘水,昆明铁路局,客运站
平社,,38.274483,112.588495,50,山西,忻州,太原铁路局,客运站
平遥古城,,37.15492,112.143666,50,山西,晋中,太原铁路局,客运站
平邑,,35.516682,117.637702,50,山东,临沂,济南铁路局,客运站
平顶山,,33.720836,113.297906,80,河南,平顶山,武汉铁路局,客运站
平顶山西,,33.856417,113.04059,50,河南,平顶山,郑州铁路局,客运站
广元,,32.452438,105.817863,100,四川,广元,成都铁路局,客运站
广宁寺,,39.186848,121.803689,50,辽宁,大连,沈阳铁路局,客运站
广安,,30.496775,106.892829,50,四川,广安,成都铁路局,客运站
广安南,,30.454593,106.588975,75,四川,广安,成都铁路局,客运站
广州,,23.151582,113.252242,100,广东,广州,广铁集团,客运站
广州东,,23.152693,113.31917,100,广东,广州,广铁集团,客运站
广州北,,23.379599,113.199136,65,广东,广州,广铁集团,客运站
广州南,,22.991459,113.264122,100,广东,广州,广铁集团,客运站
广德,,30.91394,119.404001,50,安徽,宣城,上海铁路局,客运站
广水,,31.633738,114.031209,50,湖北,随州,武汉铁路局,客运站
广汉,,30.981457,104.258544,50,四川,广元,成都铁路局,客运站
广通北,,25.1671,101.755912,50,云南,楚雄彝族自治州,昆明铁路局,客运站
庄桥,,29.92603,121.531356,50,浙江,宁波,上海铁路局,客运站
庆丰,,44.60485,123.355877,50,吉林,松原,沈阳铁路局,客运站
庆安,,46.88549,127.496716,50,黑龙江,绥化,哈尔滨铁路局,客运站
庆盛,,22.868901,113.486103,50,广东,广州,广铁集团,客运站
庐山,,29.600444,115.877054,50,江西,九江,南昌铁路局,客运站
庐江,,31.343125,117.171702,50,安徽,合肥,上海铁路局,客运站
库伦,,42.721319,121.805651,70,内蒙古自治区,通辽,沈阳铁路局,客运站
库尔勒,,41.781768,86.139504,100,新疆维吾尔自治区,巴音郭楞蒙古自治州,乌鲁木齐铁路局,客运站
库车,,41.693581,83.013513,50,新疆维吾尔自治区,阿克苏,乌鲁木齐铁路局,客运站
库都尔,,50.025861,121.623651,50,内蒙古自治区,呼伦贝尔,哈尔滨铁路局,客运站
应县,,39.624298,113.056497,50,山西,朔州,太原铁路局,客运站
应城,,30.925051,113.567133,50,湖北,孝感,武汉铁路局,客运站
庙台子,,45.828452,126.562078,50,黑龙江,哈尔滨,哈尔滨铁路局,客运站
庙山,,30.415317,114.367817,50,湖北,武汉,武汉铁路局,客运站
庙岭,,43.50018,129.658819,50,吉林,延边朝鲜族自治州,沈阳铁路局,客运站
康庄,,40.378879,115.892509,50,北京,延庆县,北京铁路局,客运站
康金井,,46.194809,126.810718,50,黑龙江,哈尔滨,哈尔滨铁路局,客运站
廉江,,21.61739,110.292064,50,广东,湛江,南宁铁路局,客运站
廊坊,,39.508367,116.702754,55,河北,廊坊,北京铁路局,客运站
廊坊北,,39.512033,116.699783,50,河北,廊坊,北京铁路局,客运站
延吉,,42.884436,129.489938,55,吉林,延边朝鲜族自治州,沈阳铁路局,客运站
延安,,36.557405,109.475776,80,陕西,延安,西安铁路局,客运站
延庆,,40.4727,115.984797,50,北京,延庆县,北京铁路局,客运站
建三江,,47.250855,132.63529,50,黑龙江,佳木斯,哈尔滨铁路局,客运站
建始,,30.569957,109.723368,50,湖北,恩施土家族苗族自治州,武汉铁路局,客运站
建宁县北,,26.919479,116.866399,50,福建,三明,南昌铁路局,客运站
建昌,,40.804687,119.816141,50,辽宁,葫芦岛,沈阳铁路局,客运站
建水,,23.660792,102.871409,50,云南,红河哈尼族彝族自治州,昆明铁路局,客运站
建湖,,33.506683,119.79324,50,江苏,盐城,上海铁路局,客运站
建瓯,,27.026822,118.289251,50,福建,南平,南昌铁路局,客运站
建设,,45.450468,124.174609,50,吉林,白城,沈阳铁路局,客运站
建阳,,27.357005,118.10809,50,福建,南平,南昌铁路局,客运站
开原,,42.543993,124.026272,50,辽宁,铁岭,沈阳铁路局,客运站
开原西,,42.54735,123.913833,50,辽宁,铁岭,沈阳铁路局,客运站
开安,,44.161723,125.192821,50,吉林,长春,沈阳铁路局,客运站
开封,,34.771931,114.34715,50,河南,开封,郑州铁路局,客运站
开江,,30.916041,107.797056,50,四川,达州,成都铁路局,客运站
开通,,44.803282,123.070816,50,吉林,白城,沈阳铁路局,客运站
开鲁,,43.630299,121.278978,50,内蒙古自治区,通辽,呼和浩特铁路局,客运站
弋阳,,28.413957,117.439753,50,江西,上饶,南昌铁路局,客运站
张家口,,40.809232,114.876595,50,河北,张家口,北京铁路局,客运站
张家口南,,40.750994,114.877113,75,河北,张家口,北京铁路局,客运站
张家界,,29.107435,110.481632,100,湖南,张家界,广铁集团,客运站
张掖,,38.973032,100.517708,55,甘肃,张掖,兰州铁路局,客运站
张桥,,34.773154,109.396923,50,陕西,渭南,西安铁路局,客运站
张维屯,,47.060245,126.999216,50,黑龙江,绥化,哈尔滨铁路局,客运站
归流河,,46.198417,121.726382,50,内蒙古自治区,兴安盟,沈阳铁路局,客运站
当阳,,30.849123,111.806164,50,湖北,宜昌,武汉铁路局,客运站
彝良,,27.50932,103.92099,50,云南,昭通,成都铁路局,客运站
彭州,,30.981743,103.922913,100,四川,成都,成都铁路局,客运站
彭水,,29.364413,108.231277,50,重庆,彭水苗族土家族自治县,成都铁路局,客运站
彭泽,,29.868941,116.538365,50,江西,九江,南昌铁路局,客运站
彰武,,42.385042,122.523407,50,辽宁,阜新,沈阳铁路局,客运站
徐家,,45.907847,126.637409,50,黑龙江,哈尔滨,哈尔滨铁路局,客运站
徐州,,34.266624,117.201648,100,江苏,徐州,上海铁路局,客运站
徐州东,,34.268109,117.297351,100,江苏,徐州,上海铁路局,客运站
徐水,,39.030685,115.632238,50,河北,保定,北京铁路局,客运站
徐闻,,20.348473,110.141549,50,广东,湛江,广铁集团,客运站
得耳布尔,,50.991581,121.071757,50,内蒙古自治区,呼伦贝尔,哈尔滨铁路局,客运站
得胜台,,42.232673,123.745886,50,辽宁,铁岭,沈阳铁路局,客运站
德令哈,,37.31471,97.382908,55,青海,海西蒙古族藏族自治州,青藏铁路公司,客运站
德伯斯,,46.496492,121.363578,50,内蒙古自治区,兴安盟,沈阳铁路局,客运站
德安,,29.311783,115.762472,50,江西,九江,南昌铁路局,客运站
德州,,37.448598,116.282709,55,山东,德州,北京铁路局,客运站
德州东,,37.408794,116.455853,55,山东,德州,北京铁路局,客运站
德惠,,44.531242,125.710729,55,吉林,长春,沈阳铁路局,客运站
德惠西,,44.543924,125.671188,50,吉林,长春,沈阳铁路局,客运站
德昌,,27.40002,102.184791,50,四川,凉山彝族自治州,成都铁路局,客运站
德清,,30.546933,120.056081,50,浙江,湖州,上海铁路局,客运站
德清西,,30.537951,119.953559,50,浙江,湖州,上海铁路局,客运站
德阳,,31.168089,104.38739,80,四川,德阳,成都铁路局,客运站
徽县,,33.701578,106.196799,50,甘肃,陇南,西安铁路局,客运站
忻州,,38.419107,112.739963,60,山西,忻州,太原铁路局,客运站
怀仁,,39.826592,113.087785,50,山西,朔州,太原铁路局,客运站
怀仁东,,39.791774,113.156472,70,山西,朔州,太原铁路局,客运站
怀化,,27.560605,109.962743,100,湖南,怀化,广铁集团,客运站
怀柔,,40.315968,116.642946,50,北京,怀柔区,北京铁路局,客运站
怀柔北,,40.407568,116.68667,50,北京,怀柔区,北京铁路局,客运站
恩施,,30.35086,109.480752,95,湖北,恩施土家族苗族自治州,武汉铁路局,客运站
息县,,32.175204,114.827305,50,河南,信阳,武汉铁路局,客运站
息烽,,27.081468,106.743477,50,贵州,贵阳,成都铁路局,客运站
惠东,,22.846909,114.789929,50,广东,惠州,广铁集团,客运站
惠农,,39.261345,106.722642,50,宁夏回族自治区,石嘴山,兰州铁路局,客运站
惠山,,31.671535,120.196882,50,江苏,无锡,上海铁路局,客运站
惠州,,23.154265,114.411621,70,广东,惠州,广铁集团,客运站
惠州南,,22.787114,114.487596,60,广东,惠州,广铁集团,客运站
惠州西,,23.094354,114.35761,50,广东,惠州,广铁集团,客运站
慈利,,29.419568,111.113294,50,湖南,张家界,广铁集团,客运站
成吉思汗,,47.746372,122.832926,50,内蒙古自治区,呼伦贝尔,哈尔滨铁路局,客运站
成都,,30.6997,104.070836,100,四川,成都,成都铁路局,客运站
成都东,,30.631288,104.138771,100,四川,成都,成都铁路局,客运站
成都南,,30.608421,104.065981,100,四川,成都,成都铁路局,客运站
成高子,,45.697889,126.830566,50,黑龙江,哈尔滨,哈尔滨铁路局,客运站
戚墅堰,,31.72479,120.062696,50,江苏,常州,上海铁路局,客运站
扎兰屯,,48.015481,122.737188,70,内蒙古自治区,呼伦贝尔,哈尔滨铁路局,客运站
扎罗木得,,49.215497,120.428185,50,内蒙古自治区,呼伦贝尔,哈尔滨铁路局,客运站
扎赉诺尔,,49.442067,117.761423,50,内蒙古自治区,呼伦贝尔,哈尔滨铁路局,客运站
扎赉诺尔西,,49.470247,117.687066,50,内蒙古自治区,呼伦贝尔,哈尔滨铁路局,客运站
扎鲁特,,44.649282,121.23307,50,内蒙古自治区,通辽,沈阳铁路局,客运站
扬州,,32.391555,119.345694,75,江苏,扬州,上海铁路局,客运站
扶余,,44.985208,126.019114,50,吉林,松原,沈阳铁路局,客运站
扶余北,,45.006379,125.996818,55,吉林,松原,沈阳铁路局,客运站
扶绥,,22.631351,107.915392,50,广西壮族自治区,崇左,南宁铁路局,客运站
承德,,40.963724,117.948169,100,河北,承德,北京铁路局,客运站
抚宁,,39.892264,119.243067,50,河北,秦皇岛,北京铁路局,客运站
抚州,,27.923144,116.349107,50,江西,抚州,南昌铁路局,客运站
抚远,,48.343462,134.394237,65,黑龙江,佳木斯,哈尔滨铁路局,客运站
抚顺北,,41.886175,123.912244,70,辽宁,抚顺,沈阳铁路局,客运站
拉古,,44.563181,129.49064,50,黑龙江,牡丹江,哈尔滨铁路局,客运站
拉哈,,48.209251,124.629821,50,黑龙江,齐齐哈尔,哈尔滨铁路局,客运站
拉林,,45.229026,126.890906,50,黑龙江,哈尔滨,哈尔滨铁路局,客运站
拉萨,,29.625795,91.068697,100,西藏自治区,拉萨,青藏铁路公司,客运站
换新天,,47.365915,133.061863,50,黑龙江,佳木斯,哈尔滨铁路局,客运站
揭阳,,23.572747,116.365121,50,广东,揭阳,广铁集团,客运站
播明,,38.49528,112.73658,50,山西,忻州,太原铁路局,客运站
攀枝花,,26.546884,101.849594,75,四川,攀枝花,成都铁路局,客运站
攸县,,26.846439,113.33551,50,湖南,株洲,南昌铁路局,客运站
敖力布告,,44.24154,123.017757,50,内蒙古自治区,通辽,沈阳铁路局,客运站
敦化,,43.377467,128.240122,55,吉林,延边朝鲜族自治州,沈阳铁路局,客运站
敦煌,,40.167651,94.784567,100,甘肃,酒泉,兰州铁路局,客运站
文地,,21.96004,110.20088,50,广西壮族自治区,玉林,南宁铁路局,客运站
文昌,,19.608351,110.73316,50,海南,文昌,广铁集团,客运站
文水,,37.438779,112.071027,50,山西,吕梁,太原铁路局,客运站
文登,,37.178795,121.986538,50,山东,威海,济南铁路局,客运站
新乡,,35.306359,113.853652,100,河南,新乡,郑州铁路局,客运站
新乡东,,35.314883,113.97267,50,河南,新乡,郑州铁路局,客运站
新会,,22.52035,113.065717,100,广东,江门,广铁集团,客运站
新余,,27.812899,114.934457,50,江西,新余,南昌铁路局,客运站
新化,,27.731262,111.299113,50,湖南,娄底,广铁集团,客运站
新华,,47.11526,130.297583,50,黑龙江,鹤岗,哈尔滨铁路局,客运站
新华屯,,46.14632,124.625312,50,黑龙江,大庆,哈尔滨铁路局,客运站
新县,,31.644709,114.883065,50,河南,信阳,武汉铁路局,客运站
新友谊,,46.769706,131.813959,50,黑龙江,双鸭山,哈尔滨铁路局,客运站
新和,,41.57939,82.624605,50,新疆维吾尔自治区,阿克苏,乌鲁木齐铁路局,客运站
新城子,,42.04921,123.502141,50,辽宁,沈阳,沈阳铁路局,客运站
新安县,,34.719394,112.148062,50,河南,洛阳,郑州铁路局,客运站
新干,,27.735734,115.39088,50,江西,吉安,南昌铁路局,客运站
新晃,,27.351795,109.192231,55,湖南,怀化,广铁集团,客运站
新杖子,,40.877007,118.33221,50,河北,承德,北京铁路局,客运站
新松浦,,45.83937,126.65941,50,黑龙江,哈尔滨,哈尔滨铁路局,客运站
新林,,51.679078,124.404037,50,黑龙江,大兴安岭地区,哈尔滨铁路局,客运站
新桥,,31.061057,121.310943,50,上海,松江区,上海铁路局,客运站
新民,,41.999601,122.812736,50,辽宁,沈阳,沈阳铁路局,客运站
新沂,,34.381869,118.343059,50,江苏,徐州,上海铁路局,客运站
新窝铺,,42.711462,120.39391,50,内蒙古自治区,赤峰,沈阳铁路局,客运站
新立屯,,42.017997,122.171169,50,辽宁,锦州,沈阳铁路局,客运站
新立镇,,44.691351,126.721703,50,吉林,长春,沈阳铁路局,客运站
新绛,,35.610577,111.204867,50,山西,运城,太原铁路局,客运站
新绰源,,48.297633,121.306986,50,内蒙古自治区,呼伦贝尔,哈尔滨铁路局,客运站
新肇,,45.708513,124.406303,50,黑龙江,大庆,沈阳铁路局,客运站
新邱,,42.093235,121.793408,50,辽宁,阜新,沈阳铁路局,客运站
新阳镇,,34.69395,105.52367,50,甘肃,天水,兰州铁路局,客运站
新青,,48.289353,129.51921,50,黑龙江,伊春,哈尔滨铁路局,客运站
施秉,,26.920456,108.12988,50,贵州,黔东南,成都铁路局,客运站
旌德,,30.293827,118.52526,50,安徽,宣城,上海铁路局,客运站
旗下营,,40.975337,112.14627,50,内蒙古自治区,乌兰察布,呼和浩特铁路局,客运站
无为,,31.306215,117.963128,50,安徽,芜湖,上海铁路局,客运站
无锡,,31.589036,120.300905,70,江苏,无锡,上海铁路局,客运站
无锡东,,31.598783,120.455537,50,江苏,无锡,上海铁路局,客运站
无锡新区,,31.499848,120.387472,50,江苏,无锡,上海铁路局,客运站
日喀则,,29.225477,88.91011,60,西藏自治区,日喀则,青藏铁路公司,客运站
日照,,35.404078,119.527321,100,山东,日照,济南铁路局,客运站
旬阳,,32.838806,109.348038,50,陕西,安康,西安铁路局,客运站
旬阳北,,32.849207,109.299942,50,陕西,安康,西安铁路局,客运站
旺苍,,32.240746,106.359725,50,四川,广元,成都铁路局,客运站
昂昂溪,,47.159759,123.808063,50,黑龙江,齐齐哈尔,哈尔滨铁路局,客运站
昆山,,31.368569,120.953738,70,江苏,苏州,上海铁路局,客运站
昆山南,,31.355041,120.946526,50,江苏,苏州,上海铁路局,客运站
昆明,,25.018769,102.720333,100,云南,昆明,昆明铁路局,客运站
昆阳,,24.666179,102.607233,50,云南,昆明,昆明铁路局,客运站
昌乐,,36.710649,118.833338,50,山东,潍坊,济南铁路局,客运站
昌图,,42.776585,124.111033,50,辽宁,铁岭,沈阳铁路局,客运站
昌图西,,42.775215,124.061122,50,辽宁,铁岭,沈阳铁路局,客运站
昌平,,40.188802,116.187485,50,北京,昌平区,北京铁路局,客运站
昌平北,,40.230033,116.227054,75,北京,昌平区,北京铁路局,客运站
昌黎,,39.703035,119.161589,50,河北,秦皇岛,北京铁路局,客运站
明光,,32.777871,117.989809,50,安徽,滁州,上海铁路局,客运站
明城,,43.191581,126.010109,50,吉林,吉林,沈阳铁路局,客运站
明港东,,32.489334,114.059022,50,河南,信阳,武汉铁路局,客运站
明珠,,22.271626,113.509787,50,广东,珠海,广铁集团,客运站
春阳,,43.712243,129.436694,50,吉林,延边朝鲜族自治州,沈阳铁路局,客运站
昭通,,27.388748,103.789138,65,云南,昭通,成都铁路局,客运站
晋中,,37.685703,112.636183,50,山西,晋中,太原铁路局,客运站
晋城,,35.476159,112.867478,55,山西,晋城,郑州铁路局,客运站
晋城北,,35.509719,112.898743,50,山西,晋城,郑州铁路局,客运站
晋州,,38.020446,115.026062,50,河北,石家庄,北京铁路局,客运站
晋江,,24.797279,118.454041,50,福建,泉州,南昌铁路局,客运站
晏城,,36.803293,116.752579,50,山东,德州,济南铁路局,客运站
晨明,,46.979067,129.486287,50,黑龙江,伊春,哈尔滨铁路局,客运站
普兰店,,39.400368,121.955254,50,辽宁,大连,沈阳铁路局,客运站
普宁,,23.269274,116.194832,50,广东,揭阳,广铁集团,客运站
普安,,30.389203,114.348715,50,湖北,武汉,武汉铁路局,客运站
普湾,,39.329055,121.808145,50,辽宁,大连,沈阳铁路局,客运站
普雄,,28.518048,102.648589,60,四川,凉山彝族自治州,成都铁路局,客运站
景德镇,,29.288159,117.216553,60,江西,景德镇,南昌铁路局,客运站
景泰,,37.193801,104.053146,50,甘肃,白银,兰州铁路局,客运站
曲水,,42.990396,129.788904,50,西藏自治区,拉萨,青藏铁路公司,客运站
曲阜,,35.583553,117.024452,50,山东,济宁,济南铁路局,客运站
曲阜东,,35.556257,117.062899,50,山东,济宁,济南铁路局,客运站
曲靖,,25.529287,103.790433,55,云南,曲靖,昆明铁路局,客运站
曹县,,34.827124,115.576294,60,山东,菏泽,济南铁路局,客运站
月亮田,,25.928439,104.496822,50,贵州,六盘水,昆明铁路局,客运站
月山,,35.210455,113.048117,50,河南,焦作,郑州铁路局,客运站
朔州,,39.31496,112.44161,65,山西,朔州,太原铁路局,客运站
朗乡,,46.956885,128.871629,50,黑龙江,伊春,哈尔滨铁路局,客运站
朝天,,32.78719,105.919476,50,四川,广元,西安铁路局,客运站
朝阳,,41.576665,120.436202,90,辽宁,朝阳,沈阳铁路局,客运站
朝阳地,,42.019049,118.208998,50,河北,承德,沈阳铁路局,客运站
朝阳川,,42.887097,129.441751,50,吉林,延边朝鲜族自治州,沈阳铁路局,客运站
朝阳镇,,42.68157,126.021742,50,吉林,通化,沈阳铁路局,客运站
木里图,,43.46979,122.211278,50,内蒙古自治区,通辽,沈阳铁路局,客运站
本溪,,41.325313,123.761745,75,辽宁,本溪,沈阳铁路局,客运站
本溪湖,,41.322912,123.755719,50,辽宁,本溪,沈阳铁路局,客运站
朱家沟,,44.874756,129.85077,50,黑龙江,牡丹江,哈尔滨铁路局,客运站
朱日和,,42.395791,112.892945,50,内蒙古自治区,锡林郭勒盟,呼和浩特铁路局,客运站
朱杨溪,,29.06466,105.947484,50,重庆,江津区,成都铁路局,客运站
李家,,47.938058,126.750286,50,黑龙江,黑河,哈尔滨铁路局,客运站
杏树,,45.920558,130.55659,50,黑龙江,七台河,哈尔滨铁路局,客运站
杏树屯,,39.265018,122.147993,50,辽宁,大连,沈阳铁路局,客运站
杜家,,44.817005,127.192055,50,黑龙江,哈尔滨,沈阳铁路局,客运站
来宾,,23.733326,109.236655,50,广西壮族自治区,来宾,南宁铁路局,客运站
来宾北,,23.753291,109.24022,50,广西壮族自治区,来宾,南宁铁路局,客运站
来舟,,26.628648,117.982075,50,福建,南平,南昌铁路局,客运站
杨岗,,45.714517,132.281483,50,黑龙江,鸡西,哈尔滨铁路局,客运站
杨杖子,,40.717945,119.128994,50,辽宁,朝阳,沈阳铁路局,客运站
杨柳青,,39.141114,116.996263,50,天津,西青区,北京铁路局,客运站
杨树岭,,40.995214,118.878624,50,河北,承德,沈阳铁路局,客运站
杨陵,,34.269308,108.073873,50,陕西,咸阳,西安铁路局,客运站
杨陵南,,34.253774,108.048084,50,陕西,咸阳,西安铁路局,客运站
杭州,,30.245946,120.178407,100,浙江,杭州,上海铁路局,客运站
杭州东,,30.293492,120.208384,100,浙江,杭州,上海铁路局,客运站
松原,,45.107515,124.810415,65,吉林,松原,沈阳铁路局,客运站
松树,,39.824675,122.092613,50,辽宁,大连,沈阳铁路局,客运站
松树镇,,42.052863,127.10921,50,吉林,白山,沈阳铁路局,客运站
松桃,,28.080044,108.968518,50,贵州,铜仁,广铁集团,客运站
松江,,31.002018,121.223547,50,上海,松江区,上海铁路局,客运站
松江南,,30.987184,121.226719,50,上海,松江区,上海铁路局,客运站
松江河,,42.175507,127.477663,50,吉林,白山,沈阳铁路局,客运站
松江镇,,42.569048,128.332502,50,吉林,延边朝鲜族自治州,沈阳铁路局,客运站
松河,,26.041257,104.627057,50,贵州,六盘水,昆明铁路局,客运站
松滋,,30.175454,111.602135,50,湖北,荆州,武汉铁路局,客运站
林东,,43.93237,119.405931,50,内蒙古自治区,赤峰,呼和浩特铁路局,客运站
林口,,45.290095,130.262942,55,黑龙江,牡丹江,哈尔滨铁路局,客运站
林海,,51.577631,124.350915,50,黑龙江,大兴安岭地区,哈尔滨铁路局,客运站
林源,,46.342713,124.757565,50,黑龙江,大庆,哈尔滨铁路局,客运站
林西,,43.591022,118.074377,50,内蒙古自治区,赤峰,呼和浩特铁路局,客运站
枝城,,30.280133,111.510381,50,湖北,宜昌,武汉铁路局,客运站
枝江北,,30.479157,111.766576,50,湖北,宜昌,武汉铁路局,客运站
枣庄,,34.780596,117.300557,50,山东,枣庄,济南铁路局,客运站
枣庄西,,34.793688,117.249125,60,山东,枣庄,济南铁路局,客运站
枣强,,37.504001,115.73262,50,河北,衡水,北京铁路局,客运站
枣阳,,32.072681,112.755942,50,湖北,襄阳,武汉铁路局,客运站
柏果,,26.004255,104.501049,50,贵州,六盘水,昆明铁路局,客运站
柞水,,33.640748,109.141845,50,陕西,商洛,西安铁路局,客运站
查布嘎,,43.861022,120.069613,50,内蒙古自治区,赤峰,呼和浩特铁路局,客运站
柳园,,41.105084,95.504459,55,甘肃,酒泉,乌鲁木齐铁路局,客运站
柳园南,,41.101213,95.471173,50,甘肃,酒泉,乌鲁木齐铁路局,客运站
柳州,,24.310159,109.384492,100,广西壮族自治区,柳州,南宁铁路局,客运站
柳林南,,37.443478,110.925974,65,山西,吕梁,太原铁路局,客运站
柳树屯,,40.762561,120.795435,50,辽宁,葫芦岛,沈阳铁路局,客运站
柳河,,42.287189,125.758887,50,吉林,通化,沈阳铁路局,客运站
柴岗,,44.557945,125.118334,50,吉林,长春,沈阳铁路局,客运站
柴河,,44.765294,129.67973,50,黑龙江,牡丹江,哈尔滨铁路局,客运站
栟茶,,32.500733,120.87666,50,江苏,南通,上海铁路局,客运站
株洲,,27.838655,113.150937,50,湖南,株洲,广铁集团,客运站
株洲西,,27.794172,113.062796,50,湖南,株洲,广铁集团,客运站
根河,,50.775856,121.502504,65,内蒙古自治区,呼伦贝尔,哈尔滨铁路局,客运站
格尔木,,36.383255,94.906201,65,青海,海西蒙古族藏族自治州,青藏铁路公司,客运站
桂平,,23.318955,110.11182,50,广西壮族自治区,贵港,南宁铁路局,客运站
桂林,,25.263879,110.278209,75,广西壮族自治区,桂林,南宁铁路局,客运站
桃山,,46.928429,128.179128,50,黑龙江,伊春,哈尔滨铁路局,客运站
桃村,,37.188137,121.136787,50,山东,烟台,济南铁路局,客运站
桐乡,,30.539366,120.56322,50,浙江,嘉兴,上海铁路局,客运站
桐城,,31.052797,116.972956,50,安徽,安庆,上海铁路局,客运站
桐子林,,26.713719,101.853916,50,四川,攀枝花,成都铁路局,客运站
桐柏,,32.391735,113.430085,50,河南,南阳,郑州铁路局,客运站
桐梓,,28.133985,106.828134,50,贵州,遵义,成都铁路局,客运站
桑根达来,,42.68036,115.938922,50,内蒙古自治区,锡林郭勒盟,呼和浩特铁路局,客运站
桥头,,41.191078,123.724201,50,辽宁,本溪,沈阳铁路局,客运站
桦南,,46.242234,130.575609,70,黑龙江,佳木斯,哈尔滨铁路局,客运站
桦林,,44.675588,129.667864,50,黑龙江,牡丹江,哈尔滨铁路局,客运站
梁山,,35.81921,115.93222,50,山东,济宁,济南铁路局,客运站
梁平,,30.717687,107.812524,50,重庆,梁平县,成都铁路局,客运站
梅州,,24.261733,116.126468,65,广东,梅州,广铁集团,客运站
梅河口,,42.532594,125.679022,55,吉林,通化,沈阳铁路局,客运站
梧州,,23.489577,111.235483,50,广西壮族自治区,梧州,南宁铁路局,客运站
梧州南,,23.395885,111.217659,70,广西壮族自治区,梧州,南宁铁路局,客运站
梨树镇,,45.076219,130.674929,50,黑龙江,鸡西,哈尔滨铁路局,客运站
楚山,,45.116839,130.02187,50,黑龙江,牡丹江,哈尔滨铁路局,客运站
楚雄,,25.053925,101.543211,60,云南,楚雄彝族自治州,昆明铁路局,客运站
榆林,,38.273206,109.714589,65,陕西,榆林,西安铁路局,客运站
榆树,,44.81512,126.529144,75,吉林,长春,沈阳铁路局,客运站
榆树屯,,47.153235,123.889233,50,黑龙江,齐齐哈尔,哈尔滨铁路局,客运站
榆次,,37.696396,112.724647,55,山西,晋中,太原铁路局,客运站
榆社,,37.05151,112.963219,50,山西,晋中,太原铁路局,客运站
樟木头,,22.904118,114.062222,50,广东,东莞,广铁集团,客运站
樟树,,28.080015,115.57261,50,江西,宜春,南昌铁路局,客运站
樟树东,,27.972851,115.599595,50,江西,宜春,南昌铁路局,客运站
横峰,,28.417322,117.597364,50,江西,上饶,南昌铁路局,客运站
横沟桥东,,29.935935,114.367136,50,湖北,咸宁,武汉铁路局,客运站
横道河子,,44.811946,129.06775,50,黑龙江,牡丹江,哈尔滨铁路局,客运站
歙县,,29.869124,118.406087,50,安徽,黄山,上海铁路局,客运站
歙县北,,29.92439,118.405439,50,安徽,黄山,上海铁路局,客运站
正定机场,,38.251999,114.705542,50,河北,石家庄,北京铁路局,客运站
正镶白旗,,42.279281,115.034104,50,内蒙古自治区,锡林郭勒盟,呼和浩特铁路局,客运站
武义,,28.911575,119.826378,50,浙江,金华,上海铁路局,客运站
武乡,,36.855572,112.847037,50,山西,长治,太原铁路局,客运站
武功,,34.259591,108.200431,50,陕西,咸阳,西安铁路局,客运站
武夷山,,27.73308,118.025074,50,福建,南平,南昌铁路局,客运站
武威,,37.903677,102.622164,65,甘肃,武威,兰州铁路局,客运站
武威南,,37.815016,102.73558,60,甘肃,武威,兰州铁路局,客运站
武安,,36.67665,114.20641,50,河北,邯郸,北京铁路局,客运站
武山,,34.722707,104.91611,50,甘肃,天水,兰州铁路局,客运站
武当山,,32.54071,110.960972,55,湖北,十堰,武汉铁路局,客运站
武昌,,30.530832,114.312343,100,湖北,武汉,武汉铁路局,客运站
武汉,,30.609377,114.418855,100,湖北,武汉,武汉铁路局,客运站
武清,,39.371297,117.010005,50,天津,武清区,北京铁路局,客运站
武穴,,29.971709,115.632541,50,湖北,黄冈,武汉铁路局,客运站
武隆,,29.328999,107.772077,50,重庆,武隆县,成都铁路局,客运站
歪头山,,41.494449,123.64551,50,辽宁,本溪,沈阳铁路局,客运站
毛坝,,31.618593,107.740422,50,四川,达州,西安铁路局,客运站
毛坝关,,32.344412,108.24672,50,陕西,安康,西安铁路局,客运站
民权,,34.646332,115.13481,50,河南,商丘,郑州铁路局,客运站
水家湖,,32.49125,117.169426,50,安徽,合肥,上海铁路局,客运站
水富,,28.610059,104.414414,50,云南,昭通,成都铁路局,客运站
水泉,,41.111252,119.15815,50,辽宁,朝阳,沈阳铁路局,客运站
永乐店,,34.536267,108.942921,50,陕西,咸阳,西安铁路局,客运站
永修,,29.02316,115.810459,50,江西,九江,南昌铁路局,客运站
永嘉,,28.07291,120.690616,50,浙江,温州,上海铁路局,客运站
永安,,25.977554,117.373174,50,福建,三明,南昌铁路局,客运站
永安乡,,45.336951,131.469934,50,黑龙江,鸡西,哈尔滨铁路局,客运站
永定,,24.737649,116.739167,50,福建,龙岩,南昌铁路局,客运站
永川,,29.344021,105.897005,50,重庆,永川区,成都铁路局,客运站
永州,,26.457695,111.565697,100,湖南,永州,广铁集团,客运站
永康,,28.912275,120.016638,50,浙江,金华,上海铁路局,客运站
永泰,,25.851363,118.929091,50,福建,福州,南昌铁路局,客运站
永济,,34.870394,110.44839,55,山西,运城,太原铁路局,客运站
永济北,,35.028226,110.419124,60,山西,运城,太原铁路局,客运站
永登,,36.720541,103.27107,50,甘肃,兰州,兰州铁路局,客运站
永福南,,25.001073,109.994826,50,广西壮族自治区,桂林,南宁铁路局,客运站
永郎,,27.153046,102.2515,50,四川,凉山彝族自治州,成都铁路局,客运站
汉中,,33.09172,107.025595,100,陕西,汉中,西安铁路局,客运站
汉源,,29.236015,102.904193,50,四川,凉山彝族自治州,成都铁路局,客运站
汉阴,,32.879255,108.502377,50,陕西,安康,西安铁路局,客运站
汐子,,41.790089,119.261516,50,内蒙古自治区,赤峰,沈阳铁路局,客运站
汕头,,23.374581,116.750151,100,广东,汕头,广铁集团,客运站
汕尾,,22.813301,115.423704,75,广东,汕尾,广铁集团,客运站
汝州,,34.171208,112.821607,50,河南,平顶山,郑州铁路局,客运站
江华,,25.182735,111.549288,50,湖南,永州,南宁铁路局,客运站
江宁,,31.938563,118.893917,50,江苏,南京,上海铁路局,客运站
江山,,28.77495,118.638996,100,浙江,衢州,上海铁路局,客运站
江所田,,24.979337,104.483916,50,云南,曲靖,昆明铁路局,客运站
江桥,,46.775785,123.683676,50,黑龙江,齐齐哈尔,哈尔滨铁路局,客运站
江永,,25.352616,111.460259,50,湖南,永州,南宁铁路局,客运站
江油,,31.784086,104.766712,85,四川,绵阳,成都铁路局,客运站
江津,,29.264353,106.237152,50,重庆,江津区,成都铁路局,客运站
江边村,,27.654979,113.107505,50,江西,抚州,南昌铁路局,客运站
江都,,32.460715,119.572737,50,江苏,扬州,上海铁路局,客运站
江门,,22.563665,113.097804,50,广东,江门,广铁集团,客运站
池州,,30.621868,117.516842,60,安徽,池州,上海铁路局,客运站
汤原,,46.745864,129.917316,50,黑龙江,佳木斯,哈尔滨铁路局,客运站
汤山城,,40.310167,124.20357,50,辽宁,丹东,沈阳铁路局,客运站
汤旺河,,48.453017,129.573531,50,黑龙江,伊春,哈尔滨铁路局,客运站
汤池,,46.990947,123.773929,55,黑龙江,齐齐哈尔,哈尔滨铁路局,客运站
汤逊湖,,30.447918,114.379374,50,湖北,武汉,武汉铁路局,客运站
汤阴,,35.914548,114.340228,50,河南,安阳,郑州铁路局,客运站
汨罗,,28.81672,113.069769,50,湖南,岳阳,广铁集团,客运站
汨罗东,,28.748798,113.138353,50,湖南,岳阳,广铁集团,客运站
汪清,,43.330229,129.73358,50,吉林,延边朝鲜族自治州,沈阳铁路局,客运站
汾阳,,37.37238,111.910914,50,山西,吕梁,太原铁路局,客运站
沁县,,36.758616,112.698963,55,山西,长治,太原铁路局,客运站
沁阳,,35.200526,112.944103,50,河南,焦作,郑州铁路局,客运站
沂南,,35.488013,118.614269,50,山东,临沂,济南铁路局,客运站
沂水,,35.644115,118.721513,50,山东,临沂,济南铁路局,客运站
沃皮,,44.227226,125.525632,50,吉林,长春,沈阳铁路局,客运站
沈丘,,33.362947,115.081325,50,河南,周口,武汉铁路局,客运站
沈家,,46.094774,126.764655,50,黑龙江,哈尔滨,哈尔滨铁路局,客运站
沈阳,,41.792687,123.38719,100,辽宁,沈阳,沈阳铁路局,客运站
沈阳北,,41.816988,123.429758,100,辽宁,沈阳,沈阳铁路局,客运站
沙后所,,40.476174,120.549292,50,辽宁,葫芦岛,沈阳铁路局,客运站
沙城,,40.396078,115.509657,50,河北,张家口,北京铁路局,客运站
沙岭子,,40.671776,114.918756,50,河北,张家口,北京铁路局,客运站
沙河口,,38.924525,121.58232,50,辽宁,大连,沈阳铁路局,客运站
沙河市,,36.860784,114.491718,55,河北,邢台,北京铁路局,客运站
沙海,,41.495214,119.460756,50,辽宁,朝阳,沈阳铁路局,客运站
沙湾县,,44.321603,85.606028,50,新疆维吾尔自治区,伊犁哈萨克自治州,乌鲁木齐铁路局,客运站
沟口,,48.678095,122.019919,50,内蒙古自治区,呼伦贝尔,哈尔滨铁路局,客运站
沟帮子,,41.359814,121.769535,50,辽宁,锦州,沈阳铁路局,客运站
沧州,,38.308735,116.871827,50,河北,沧州,北京铁路局,客运站
沧州西,,38.306263,116.762051,55,河北,沧州,北京铁路局,客运站
沭阳,,34.112998,118.758709,50,江苏,宿迁,上海铁路局,客运站
河口南,,36.163764,103.453812,50,甘肃,兰州,兰州铁路局,客运站
河唇,,21.704887,110.304149,50,广东,湛江,南宁铁路局,客运站
河津,,35.58808,110.720133,50,山西,运城,太原铁路局,客运站
河源,,23.762084,114.67854,65,广东,河源,广铁集团,客运站
河边,,38.605051,113.098572,55,山西,忻州,太原铁路局,客运站
治安,,43.347889,121.503488,50,内蒙古自治区,通辽,沈阳铁路局,客运站
泉州,,24.975919,118.562456,60,福建,泉州,南昌铁路局,客运站
泊头,,38.061127,116.580936,50,河北,沧州,北京铁路局,客运站
泗县,,33.539186,117.844937,50,安徽,宿州,上海铁路局,客运站
泗水,,35.636589,117.255764,50,山东,济宁,济南铁路局,客运站
泗洪,,33.608336,118.213613,50,江苏,宿迁,上海铁路局,客运站
泗阳,,33.756218,118.708676,50,江苏,宿迁,上海铁路局,客运站
泡子,,42.205157,122.322998,50,辽宁,阜新,沈阳铁路局,客运站
泥河子,,41.451305,121.223515,50,辽宁,锦州,沈阳铁路局,客运站
泰和,,26.835003,114.944392,50,江西,吉安,南昌铁路局,客运站
泰宁,,26.930065,117.148114,55,福建,三明,南昌铁路局,客运站
泰安,,36.186781,117.104667,70,山东,泰安,济南铁路局,客运站
泰山,,36.186781,117.104667,55,山东,泰安,济南铁路局,客运站
泰州,,32.531063,119.975628,100,江苏,泰州,上海铁路局,客运站
泰康,,46.869072,124.441243,50,黑龙江,大庆,哈尔滨铁路局,客运站
泰来,,46.390409,123.405186,65,黑龙江,齐齐哈尔,哈尔滨铁路局,客运站
泽普,,38.178532,77.305432,50,新疆维吾尔自治区,喀什,乌鲁木齐铁路局,客运站
泾县,,30.661541,118.381449,50,安徽,宣城,上海铁路局,客运站
洋河,,33.790978,118.362744,50,江苏,宿迁,上海铁路局,客运站
洛阳,,34.68662,112.429938,100,河南,洛阳,郑州铁路局,客运站
洛阳东,,34.6972,112.480248,50,河南,洛阳,郑州铁路局,客运站
洪河,,47.579342,133.513849,50,黑龙江,佳木斯,哈尔滨铁路局,客运站
洪洞,,36.262043,111.665544,50,山西,临汾,太原铁路局,客运站
洪洞西,,36.254049,111.57513,55,山西,临汾,太原铁路局,客运站
洮南,,45.338472,122.803198,50,吉林,白城,沈阳铁路局,客运站
济南,,36.670844,116.985049,100,山东,济南,济南铁路局,客运站
济南东,,36.680836,117.023537,100,山东,济南,济南铁路局,客运站
济南西,,36.668948,116.886054,100,山东,济南,济南铁路局,客运站
济宁,,35.392996,116.595649,50,山东,济宁,济南铁路局,客运站
济源,,35.111358,112.567879,50,河南,济源,郑州铁路局,客运站
浠水,,30.435522,115.237359,50,湖北,黄冈,武汉铁路局,客运站
浩良河,,46.732578,129.636961,50,黑龙江,伊春,哈尔滨铁路局,客运站
海伦,,47.464858,126.98751,65,黑龙江,绥化,哈尔滨铁路局,客运站
海北,,47.667692,126.870841,50,黑龙江,绥化,哈尔滨铁路局,客运站
海口,,20.029411,110.158159,100,海南,海口,广铁集团,客运站
海口东,,19.985634,110.338805,100,海南,海口,广铁集团,客运站
海坨子,,45.268919,124.038315,50,吉林,白城,沈阳铁路局,客运站
海城,,40.861469,122.737066,50,辽宁,鞍山,沈阳铁路局,客运站
海城西,,40.912885,122.654728,50,辽宁,鞍山,沈阳铁路局,客运站
海宁,,30.536067,120.680994,50,浙江,嘉兴,上海铁路局,客运站
海宁西,,30.441269,120.38724,50,浙江,嘉兴,上海铁路局,客运站
海安县,,32.549971,120.500044,50,江苏,南通,上海铁路局,客运站
海拉尔,,49.226856,119.733358,100,内蒙古自治区,呼伦贝尔,哈尔滨铁路局,客运站
海林,,44.56508,129.380624,50,黑龙江,牡丹江,哈尔滨铁路局,客运站
海湾,,30.864251,121.543857,50,上海,奉贤区,上海铁路局,客运站
海石湾,,36.341144,102.863708,50,甘肃,兰州,青藏铁路公司,客运站
海阳,,37.080592,120.992254,50,山东,烟台,济南铁路局,客运站
海龙,,42.65286,125.836381,50,吉林,通化,沈阳铁路局,客运站
涉县,,36.577166,113.661961,50,河北,邯郸,北京铁路局,客运站
涞源,,39.370571,114.70551,50,河北,保定,北京铁路局,客运站
涟源,,27.688157,111.670233,50,湖南,娄底,广铁集团,客运站
涡阳,,33.490534,116.234763,50,安徽,亳州,上海铁路局,客运站
涪陵,,29.703541,107.328996,50,重庆,涪陵区,成都铁路局,客运站
涪陵北,,29.770968,107.272305,50,重庆,涪陵区,成都铁路局,客运站
涵江,,25.494461,119.170902,50,福建,莆田,南昌铁路局,客运站
涿州,,39.480022,115.978147,50,河北,保定,北京铁路局,客运站
涿州东,,39.458408,116.046938,50,河北,保定,北京铁路局,客运站
淄博,,36.788775,118.051104,55,山东,淄博,济南铁路局,客运站
淮北,,33.968385,116.798367,100,安徽,淮北,上海铁路局,客运站
淮南,,32.632902,117.013995,50,安徽,淮南,上海铁路局,客运站
淮南东,,32.64811,117.14515,100,安徽,淮南,上海铁路局,客运站
淮安,,33.650154,119.027648,50,江苏,淮安,上海铁路局,客运站
淮滨,,32.502871,115.406425,55,河南,信阳,武汉铁路局,客运站
深井子,,41.784067,123.646679,50,辽宁,沈阳,沈阳铁路局,客运站
深圳,,22.534299,114.112069,100,广东,深圳,广铁集团,客运站
深圳东,,22.603841,114.113686,100,广东,深圳,广铁集团,客运站
深圳北,,22.611958,114.023922,100,广东,深圳,广铁集团,客运站
深圳坪山,,22.710511,114.321406,100,广东,深圳,广铁集团,客运站
深圳西,,22.531105,113.902647,100,广东,深圳,广铁集团,客运站
深州,,38.010924,115.607337,50,河北,衡水,北京铁路局,客运站
清华园,,39.981082,116.333229,50,北京,海淀区,北京铁路局,客运站
清原,,42.102218,124.930589,50,辽宁,抚顺,沈阳铁路局,客运站
清徐,,37.556683,112.307235,50,山西,太原,太原铁路局,客运站
清水,,39.35623,99.043159,50,甘肃,酒泉,兰州铁路局,客运站
清河,,40.040358,116.308941,50,北京,海淀区,北京铁路局,客运站
清河门,,41.77456,121.414353,50,辽宁,阜新,沈阳铁路局,客运站
清涧县,,37.166394,109.992754,50,陕西,榆林,西安铁路局,客运站
清远,,23.696526,113.12901,50,广东,清远,广铁集团,客运站
渑池,,34.754583,111.779834,50,河南,三门峡,郑州铁路局,客运站
渑池南,,34.686204,111.768268,50,河南,三门峡,郑州铁路局,客运站
渠县,,30.806857,107.008166,50,四川,达州,成都铁路局,客运站
渠旧,,22.517992,107.578499,50,广西壮族自治区,崇左,南宁铁路局,客运站
渠黎,,22.562782,107.795404,50,广西壮族自治区,崇左,南宁铁路局,客运站
温岭,,28.482108,121.320842,50,浙江,台州,上海铁路局,客运站
温州,,27.98344,120.681014,100,浙江,温州,上海铁路局,客运站
温州南,,27.969502,120.581081,100,浙江,温州,上海铁路局,客运站
温春,,44.433422,129.494128,50,黑龙江,牡丹江,哈尔滨铁路局,客运站
渭南,,34.486148,109.488591,60,陕西,渭南,西安铁路局,客运站
渭南北,,34.537515,109.476327,50,陕西,渭南,西安铁路局,客运站
渭南南,,35.285178,110.051585,50,陕西,渭南,西安铁路局,客运站
渭南镇,,34.689566,105.633778,50,甘肃,天水,兰州铁路局,客运站
渭津,,42.791259,125.275874,50,吉林,辽源,沈阳铁路局,客运站
湖口,,29.731645,116.279758,50,江西,九江,南昌铁路局,客运站
湖州,,30.865561,120.018333,55,浙江,湖州,上海铁路局,客运站
湘乡,,27.74804,112.524006,50,湖南,湘潭,广铁集团,客运站
湘潭,,27.878751,112.907681,100,湖南,湘潭,广铁集团,客运站
湛江,,21.189448,110.385913,100,广东,湛江,南宁铁路局,客运站
湛江西,,21.218425,110.276244,100,广东,湛江,广铁集团,客运站
湟源,,36.748212,101.165165,50,青海,西宁,青藏铁路公司,客运站
溆浦,,27.930051,110.573237,50,湖南,怀化,广铁集团,客运站
源潭,,23.665004,113.196672,50,广东,清远,广铁集团,客运站
溧水,,31.681546,119.091109,50,江苏,南京,上海铁路局,客运站
溧阳,,31.388213,119.49796,60,江苏,常州,上海铁路局,客运站
滁州,,32.200054,118.315035,55,安徽,滁州,上海铁路局,客运站
滁州北,,32.309755,118.321692,50,安徽,滁州,上海铁路局,客运站
滕州,,35.081121,117.148109,50,山东,枣庄,济南铁路局,客运站
滕州东,,35.090649,117.251764,50,山东,枣庄,济南铁路局,客运站
满归,,52.03519,122.067387,60,内蒙古自治区,呼伦贝尔,哈尔滨铁路局,客运站
满洲里,,49.582663,117.442149,100,内蒙古自治区,呼伦贝尔,哈尔滨铁路局,客运站
滦县,,39.75649,118.700061,50,河北,唐山,北京铁路局,客运站
滦平,,40.921694,117.310041,50,河北,承德,北京铁路局,客运站
滦河,,39.855673,118.665592,50,河北,唐山,北京铁路局,客运站
滨江,,45.773899,126.650096,50,黑龙江,哈尔滨,哈尔滨铁路局,客运站
滨海,,39.080738,117.605595,100,天津,滨海新区,北京铁路局,客运站
滨海北,,39.235505,117.755277,50,天津,滨海新区,北京铁路局,客运站
滴道,,45.343705,130.826121,50,黑龙江,鸡西,哈尔滨铁路局,客运站
漠河,,52.988379,122.504609,60,黑龙江,大兴安岭地区,哈尔滨铁路局,客运站
漯河,,33.572329,114.036578,60,河南,漯河,武汉铁路局,客运站
漯河西,,33.574608,113.957537,55,河南,漯河,武汉铁路局,客运站
漳州,,24.460015,117.711063,65,福建,漳州,南昌铁路局,客运站
漳州东,,24.56733,117.739798,50,福建,漳州,南昌铁路局,客运站
漳平,,25.309206,117.41416,50,福建,龙岩,南昌铁路局,客运站
漳浦,,24.09889,117.558136,50,福建,漳州,南昌铁路局,客运站
潍坊,,36.697027,119.092428,60,山东,潍坊,济南铁路局,客运站
潜江,,30.39231,112.933528,50,湖北,潜江,武汉铁路局,客运站
潞城,,36.320893,113.215604,60,山西,长治,北京铁路局,客运站
潢川,,32.113908,115.096635,50,河南,信阳,武汉铁路局,客运站
潮州,,23.641098,116.579882,50,广东,潮州,广铁集团,客运站
潮汕,,23.539379,116.583575,100,广东,潮州,广铁集团,客运站
潮阳,,23.383736,116.417305,50,广东,汕头,广铁集团,客运站
潼关,,34.537229,110.242685,55,陕西,渭南,西安铁路局,客运站
潼南,,30.222321,105.874073,60,重庆,潼南县,成都铁路局,客运站
澧县,,29.822118,111.599038,55,湖南,常德,广铁集团,客运站
濑湍,,22.44806,107.497662,50,广西壮族自治区,崇左,南宁铁路局,客运站
灌水,,40.860405,124.560273,50,辽宁,丹东,沈阳铁路局,客运站
火连寨,,41.356471,123.728509,50,辽宁,本溪,沈阳铁路局,客运站
灯塔,,41.428028,123.311907,50,辽宁,辽阳,沈阳铁路局,客运站
灵丘,,39.460786,114.216233,55,山西,大同,太原铁路局,客运站
灵宝,,34.512107,110.89254,50,河南,三门峡,郑州铁路局,客运站
灵宝西,,34.579661,110.68375,60,河南,三门峡,郑州铁路局,客运站
灵武,,38.157323,106.362861,50,宁夏回族自治区,银川,兰州铁路局,客运站
灵璧,,33.600204,117.535978,50,安徽,宿州,上海铁路局,客运站
灵石东,,36.879696,111.908195,50,山西,晋中,太原铁路局,客运站
炉桥,,32.557514,117.219988,50,安徽,滁州,上海铁路局,客运站
炎陵,,26.503385,113.778385,50,湖南,株洲,南昌铁路局,客运站
烟台,,37.547565,121.377593,100,山东,烟台,济南铁路局,客运站
烟筒屯,,47.001207,124.161208,50,黑龙江,大庆,哈尔滨铁路局,客运站
烟筒山,,43.284007,126.024744,50,吉林,吉林,沈阳铁路局,客运站
热水,,43.475477,117.689695,50,内蒙古自治区,赤峰,沈阳铁路局,客运站
焉耆,,42.074745,86.544356,50,新疆维吾尔自治区,巴音郭楞蒙古自治州,乌鲁木齐铁路局,客运站
焦作,,35.223366,113.228564,100,河南,焦作,郑州铁路局,客运站
熊岳城,,40.179823,122.142428,50,辽宁,营口,沈阳铁路局,客运站
燕子砭,,32.919427,105.921986,50,陕西,汉中,西安铁路局,客运站
燕山,,39.748942,115.95269,50,北京,房山区,北京铁路局,客运站
燕岗,,29.555513,103.522081,55,四川,乐山,成都铁路局,客运站
燕郊,,39.9406,116.819755,55,河北,廊坊,北京铁路局,客运站
牙克石,,49.277433,120.73107,50,内蒙古自治区,呼伦贝尔,哈尔滨铁路局,客运站
牙屯堡,,26.13358,109.618327,50,湖南,怀化,南宁铁路局,客运站
牛家,,45.348557,126.730669,50,黑龙江,哈尔滨,哈尔滨铁路局,客运站
牛心台,,41.350696,123.898184,50,辽宁,本溪,沈阳铁路局,客运站
牡丹江,,44.588158,129.605896,100,黑龙江,牡丹江,哈尔滨铁路局,客运站
犀浦,,30.759594,103.970203,100,四川,成都,成都铁路局,客运站
独山,,25.867337,107.543616,50,贵州,黔西南布依族苗族自治州,成都铁路局,客运站
猛洞河,,28.695532,109.984277,50,湖南,湘西土家族苗族自治州,广铁集团,客运站
玉屏,,27.243379,108.930547,55,贵州,铜仁,成都铁路局,客运站
玉山,,28.663652,118.231394,60,江西,上饶,南昌铁路局,客运站
玉林,,22.600245,110.152361,100,广西壮族自治区,玉林,南宁铁路局,客运站
玉泉,,45.414354,127.15564,50,黑龙江,哈尔滨,哈尔滨铁路局,客运站
玉溪,,24.355253,102.525681,85,云南,玉溪,昆明铁路局,客运站
玉田县,,39.881356,117.728756,50,河北,唐山,北京铁路局,客运站
玉门,,40.272147,97.043686,50,甘肃,酒泉,兰州铁路局,客运站
王兆屯,,45.734092,126.651059,50,黑龙江,哈尔滨,哈尔滨铁路局,客运站
王岗,,45.668464,126.538775,50,黑龙江,哈尔滨,哈尔滨铁路局,客运站
王府,,44.87204,125.001008,50,吉林,松原,沈阳铁路局,客运站
玛纳斯,,44.254062,86.200224,50,新疆维吾尔自治区,昌吉回族自治州,乌鲁木齐铁路局,客运站
珠斯花,,45.562164,119.671255,50,内蒙古自治区,通辽,沈阳铁路局,客运站
珠海,,22.218163,113.544287,100,广东,珠海,广铁集团,客运站
珠海北,,22.404127,113.546743,50,广东,珠海,广铁集团,客运站
琼海,,19.242111,110.486977,50,海南,琼海,广铁集团,客运站
瑞安,,27.770144,120.577138,50,浙江,温州,上海铁路局,客运站
瑞昌,,29.691034,115.666075,50,江西,九江,南昌铁路局,客运站
瑞金,,25.866463,116.050355,55,江西,赣州,南昌铁路局,客运站
瓜州,,40.566261,95.772497,50,甘肃,酒泉,兰州铁路局,客运站
瓢儿屯,,41.846901,123.796764,50,辽宁,抚顺,沈阳铁路局,客运站
瓦屋山,,31.560685,119.268691,50,江苏,常州,上海铁路局,客运站
瓦房店,,39.624321,122.002608,55,辽宁,大连,沈阳铁路局,客运站
瓦房店西,,39.655779,121.832802,50,辽宁,大连,沈阳铁路局,客运站
甘旗卡,,42.956163,122.350231,50,内蒙古自治区,通辽,沈阳铁路局,客运站
甘河,,50.628241,123.049724,50,内蒙古自治区,呼伦贝尔,哈尔滨铁路局,客运站
甘泉北,,36.277933,109.341508,50,陕西,延安,西安铁路局,客运站
甘洛,,28.98162,102.760268,50,四川,凉山彝族自治州,成都铁路局,客运站
甘谷,,34.763857,105.328148,55,甘肃,天水,兰州铁路局,客运站
田东,,23.629872,107.12554,50,广西壮族自治区,百色,南宁铁路局,客运站
田师府,,41.239378,124.3343,50,辽宁,本溪,沈阳铁路局,客运站
田林,,24.288265,106.230613,50,广西壮族自治区,百色,南宁铁路局,客运站
田阳,,23.768749,106.93228,50,广西壮族自治区,百色,南宁铁路局,客运站
甸心,,25.319251,101.718567,50,云南,楚雄彝族自治州,昆明铁路局,客运站
略阳,,33.333039,106.142112,50,陕西,汉中,西安铁路局,客运站
疏勒,,39.382038,75.991692,50,新疆维吾尔自治区,喀什,乌鲁木齐铁路局,客运站
疏勒河,,40.429349,96.869521,50,甘肃,酒泉,兰州铁路局,客运站
登沙河,,39.218821,122.051096,50,辽宁,大连,沈阳铁路局,客运站
白云鄂博,,41.770895,109.952389,60,内蒙古自治区,包头,呼和浩特铁路局,客运站
白城,,45.615138,122.857252,100,吉林,白城,沈阳铁路局,客运站
白壁关,,37.149038,111.721695,50,山西,吕梁,太原铁路局,客运站
白奎堡,,46.369016,126.997782,50,黑龙江,哈尔滨,哈尔滨铁路局,客运站
白山市,,41.950848,126.45155,65,吉林,白山,沈阳铁路局,客运站
白水江,,33.575147,106.078606,50,陕西,汉中,西安铁路局,客运站
白沙,,29.072808,106.122368,50,重庆,江津区,成都铁路局,客运站
白河,,42.45085,128.126207,65,吉林,延边朝鲜族自治州,沈阳铁路局,客运站
白河东,,32.805815,110.109817,50,陕西,安康,西安铁路局,客运站
白河县,,32.835811,110.092665,50,陕西,安康,西安铁路局,客运站
白泉,,42.923832,124.99545,50,吉林,辽源,沈阳铁路局,客运站
白涧,,39.644988,115.283406,50,河北,保定,北京铁路局,客运站
白狼,,47.047259,120.094707,50,内蒙古自治区,兴安盟,沈阳铁路局,客运站
白石山,,43.579535,127.554571,50,吉林,吉林,沈阳铁路局,客运站
白银市,,36.556775,104.167234,50,甘肃,白银,兰州铁路局,客运站
白银西,,36.549356,104.096538,55,甘肃,白银,兰州铁路局,客运站
白音他拉,,43.070972,120.827843,50,内蒙古自治区,通辽,沈阳铁路局,客运站
白音察干,,41.453597,113.17803,50,内蒙古自治区,乌兰察布,呼和浩特铁路局,客运站
白音胡硕,,45.013955,121.435775,50,内蒙古自治区,兴安盟,沈阳铁路局,客运站
百色,,23.888555,106.660827,100,广西壮族自治区,百色,南宁铁路局,客运站
百里峡,,39.682132,115.387509,50,河北,保定,北京铁路局,客运站
皋兰,,36.337124,103.941018,50,甘肃,兰州,兰州铁路局,客运站
皮口,,39.406106,122.351867,50,辽宁,大连,沈阳铁路局,客运站
皮山,,37.566695,78.28316,50,新疆维吾尔自治区,和田,乌鲁木齐铁路局,客运站
益阳,,28.499887,112.389426,60,湖南,益阳,广铁集团,客运站
盐城,,33.383938,120.169114,75,江苏,盐城,上海铁路局,客运站
盐池,,37.733824,107.343246,50,宁夏回族自治区,吴忠,兰州铁路局,客运站
盐津,,28.081072,104.240585,50,云南,昭通,成都铁路局,客运站
盖州,,40.41768,122.328395,50,辽宁,营口,沈阳铁路局,客运站
盖州西,,40.402875,122.268809,50,辽宁,营口,沈阳铁路局,客运站
盘关,,25.899583,104.506292,50,贵州,六盘水,昆明铁路局,客运站
盘锦,,41.195528,122.055806,65,辽宁,盘锦,沈阳铁路局,客运站
盘锦北,,41.334005,121.802174,50,辽宁,盘锦,沈阳铁路局,客运站
眉山,,30.067375,103.8105,50,四川,眉山,成都铁路局,客运站
石人城,,46.297431,126.890143,50,黑龙江,哈尔滨,哈尔滨铁路局,客运站
石嘴山,,38.915961,106.417128,50,宁夏回族自治区,石嘴山,兰州铁路局,客运站
石城,,40.286172,124.435402,50,辽宁,丹东,沈阳铁路局,客运站
石头,,44.175306,129.330537,50,黑龙江,牡丹江,哈尔滨铁路局,客运站
石家庄,,38.009798,114.478375,100,河北,石家庄,北京铁路局,客运站
石家庄北,,38.065373,114.459212,100,河北,石家庄,北京铁路局,客运站
石山,,41.227506,121.522328,50,辽宁,辽阳,沈阳铁路局,客运站
石岘,,43.076015,129.775755,50,吉林,延边朝鲜族自治州,沈阳铁路局,客运站
石岭,,43.088615,124.697142,50,吉林,四平,沈阳铁路局,客运站
石林,,24.865727,103.327519,50,云南,昆明,昆明铁路局,客运站
石柱县,,29.967734,108.092991,65,重庆,石柱土家族自治县,成都铁路局,客运站
石桥子,,41.449316,123.717916,50,辽宁,本溪,沈阳铁路局,客运站
石河子,,44.268497,86.060405,70,新疆维吾尔自治区,石河子,乌鲁木齐铁路局,客运站
石泉县,,33.031017,108.246782,50,陕西,安康,西安铁路局,客运站
石磷,,45.165014,130.691484,50,黑龙江,鸡西,哈尔滨铁路局,客运站
石门县北,,29.603133,111.428829,75,湖南,常德,广铁集团,客运站
砀山,,34.418052,116.324703,50,安徽,宿州,上海铁路局,客运站
砚川,,34.05974,109.842933,50,陕西,商洛,西安铁路局,客运站
确山,,32.803601,114.030371,50,河南,驻马店,武汉铁路局,客运站
碧江,,22.952555,113.257123,50,广东,佛山,广铁集团,客运站
碾子山,,47.513588,122.877346,60,黑龙江,齐齐哈尔,哈尔滨铁路局,客运站
磁县,,36.360158,114.366796,50,河北,邯郸,北京铁路局,客运站
磁山,,36.597175,114.112095,50,河北,邯郸,北京铁路局,客运站
磁窑,,35.901268,117.10019,50,山东,泰安,济南铁路局,客运站
磐石,,42.925515,126.062627,50,吉林,吉林,沈阳铁路局,客运站
磨刀石,,44.559942,129.861496,50,黑龙江,牡丹江,哈尔滨铁路局,客运站
祁东,,26.76327,112.06007,50,湖南,衡阳,广铁集团,客运站
祁县东,,37.323386,112.350399,50,山西,晋中,太原铁路局,客运站
祁家堡,,40.92642,123.810769,50,辽宁,本溪,沈阳铁路局,客运站
祁门,,29.849274,117.724565,50,安徽,黄山,上海铁路局,客运站
祁阳,,26.612049,111.826518,50,湖南,永州,广铁集团,客运站
神头,,39.366358,112.550423,50,山西,朔州,太原铁路局,客运站
神州,,18.726485,110.303711,50,海南,万宁,广铁集团,客运站
神木,,38.860233,110.48205,70,陕西,榆林,西安铁路局,客运站
神树,,46.940625,128.420717,55,黑龙江,伊春,哈尔滨铁路局,客运站
神池,,39.082143,112.192409,50,山西,忻州,太原铁路局,客运站
祥云,,25.473457,100.544771,50,云南,大理白族自治州,昆明铁路局,客运站
禄丰南,,25.123478,102.062328,50,云南,楚雄彝族自治州,昆明铁路局,客运站
福利屯,,46.726308,131.132917,50,黑龙江,双鸭山,哈尔滨铁路局,客运站
福安,,26.837528,119.712642,50,福建,宁德,南昌铁路局,客运站
福州,,26.117115,119.315178,100,福建,福州,南昌铁路局,客运站
福州南,,25.988878,119.385674,100,福建,福州,南昌铁路局,客运站
福泉,,26.628939,107.531961,50,贵州,黔西南布依族苗族自治州,成都铁路局,客运站
福海,,47.119896,87.459693,50,新疆维吾尔自治区,阿勒泰,乌鲁木齐铁路局,客运站
福清,,25.67836,119.379587,50,福建,福州,南昌铁路局,客运站
福鼎,,27.285252,120.185287,100,福建,宁德,南昌铁路局,客运站
禹城,,36.923707,116.628233,50,山东,德州,济南铁路局,客运站
秀山,,28.449608,109.011052,55,重庆,秀山土家族苗族自治县,成都铁路局,客运站
秦家,,46.802577,127.003042,50,黑龙江,绥化,哈尔滨铁路局,客运站
秦家庄,,38.811326,111.652108,50,山西,忻州,太原铁路局,客运站
秦岭,,34.240683,106.906857,50,陕西,宝鸡,西安铁路局,客运站
稷山,,35.612513,110.989331,50,山西,运城,太原铁路局,客运站
穆棱,,44.525147,130.253879,50,黑龙江,牡丹江,哈尔滨铁路局,客运站
章丘,,36.721721,117.493349,50,山东,济南,济南铁路局,客运站
章党,,41.905434,124.071393,50,辽宁,抚顺,沈阳铁路局,客运站
章古台,,42.703971,122.480979,50,辽宁,阜新,沈阳铁路局,客运站
竹园坝,,32.191696,105.166518,50,四川,广元,成都铁路局,客运站
笔架山,,46.784875,130.996808,50,黑龙江,双鸭山,哈尔滨铁路局,客运站
简阳,,30.38199,104.55079,50,四川,资阳,成都铁路局,客运站
米易,,26.878569,102.111725,50,四川,攀枝花,成都铁路局,客运站
米沙子,,44.145565,125.471179,50,吉林,长春,沈阳铁路局,客运站
米脂,,37.747377,110.167504,50,陕西,榆林,西安铁路局,客运站
精河南,,44.605328,82.917788,50,新疆维吾尔自治区,博尔塔拉蒙古自治州,乌鲁木齐铁路局,客运站
索伦,,46.601129,121.235983,50,内蒙古自治区,兴安盟,沈阳铁路局,客运站
紫阳,,32.534062,108.552646,50,陕西,安康,西安铁路局,客运站
綦江,,29.020682,106.660068,50,重庆,綦江区,成都铁路局,客运站
繁峙,,39.16456,113.267238,50,山西,忻州,太原铁路局,客运站
红兴隆,,46.729678,131.594251,50,黑龙江,双鸭山,哈尔滨铁路局,客运站
红安西,,31.006567,114.626773,50,湖北,黄冈,武汉铁路局,客运站
红寺堡,,37.448194,106.060643,50,宁夏回族自治区,吴忠,兰州铁路局,客运站
红山,,47.986462,129.02485,50,黑龙江,伊春,哈尔滨铁路局,客运站
红彦,,49.511788,124.975199,50,内蒙古自治区,呼伦贝尔,哈尔滨铁路局,客运站
红旗,,47.569662,120.337003,50,辽宁,辽阳,沈阳铁路局,客运站
红星,,48.239631,129.383395,50,黑龙江,伊春,哈尔滨铁路局,客运站
红果,,25.717745,104.463303,50,贵州,六盘水,昆明铁路局,客运站
红花沟,,42.242901,118.628489,50,内蒙古自治区,赤峰,沈阳铁路局,客运站
纪家沟,,41.927391,118.126768,50,河北,承德,沈阳铁路局,客运站
纸坊东,,30.356178,114.338966,50,湖北,武汉,武汉铁路局,客运站
绅坊,,28.20022,120.987499,50,浙江,温州,上海铁路局,客运站
织金,,26.657423,105.758485,50,贵州,毕节,成都铁路局,客运站
绍兴,,30.016664,120.576019,50,浙江,绍兴,上海铁路局,客运站
绍兴北,,30.102284,120.534429,55,浙江,绍兴,上海铁路局,客运站
经棚,,43.270945,117.530906,50,内蒙古自治区,赤峰,呼和浩特铁路局,客运站
绕阳河,,41.7932,122.459363,50,辽宁,锦州,沈阳铁路局,客运站
绥中,,40.320705,120.347417,50,辽宁,葫芦岛,沈阳铁路局,客运站
绥中北,,40.346745,120.318927,50,辽宁,葫芦岛,沈阳铁路局,客运站
绥化,,46.642626,127.009072,95,黑龙江,绥化,哈尔滨铁路局,客运站
绥德,,37.548108,110.257752,50,陕西,榆林,西安铁路局,客运站
绥棱,,47.246509,127.076015,50,黑龙江,绥化,哈尔滨铁路局,客运站
绥芬河,,44.390547,131.149936,100,黑龙江,牡丹江,哈尔滨铁路局,客运站
绥阳,,44.420127,130.88735,50,黑龙江,牡丹江,哈尔滨铁路局,客运站
绩溪北,,30.073633,118.567082,60,安徽,宣城,上海铁路局,客运站
绩溪县,,30.05827,118.579129,50,安徽,宣城,上海铁路局,客运站
绵阳,,31.461407,104.714707,75,四川,绵阳,成都铁路局,客运站
绿化,,39.800765,98.2499,55,甘肃,嘉峪关,兰州铁路局,客运站
缙云,,28.664009,120.090571,50,浙江,丽水,上海铁路局,客运站
罗山,,32.168349,114.545084,50,河南,信阳,武汉铁路局,客运站
罗平,,24.910861,104.313366,55,云南,曲靖,昆明铁路局,客运站
罗江,,31.308984,104.497464,50,四川,德阳,成都铁路局,客运站
罗源,,26.459126,119.572121,50,福建,福州,南昌铁路局,客运站
羊场,,42.637115,119.995244,50,内蒙古自治区,赤峰,沈阳铁路局,客运站
羊草,,46.332419,125.41835,50,黑龙江,绥化,哈尔滨铁路局,客运站
美兰,,19.943532,110.456958,50,海南,海口,广铁集团,客运站
美溪,,47.634668,129.133346,50,黑龙江,伊春,哈尔滨铁路局,客运站
老府,,42.188213,118.266436,50,内蒙古自治区,赤峰,沈阳铁路局,客运站
老莱,,48.648708,124.999904,50,黑龙江,齐齐哈尔,哈尔滨铁路局,客运站
老营,,41.877393,126.348394,50,吉林,白山,沈阳铁路局,客运站
老边,,40.671276,122.364056,50,辽宁,营口,沈阳铁路局,客运站
耒阳,,26.407482,112.817396,50,湖南,衡阳,广铁集团,客运站
耒阳西,,26.417771,112.782851,50,湖南,衡阳,广铁集团,客运站
聊城,,36.456761,115.938627,70,山东,聊城,济南铁路局,客运站
肃宁,,38.414556,115.844118,50,河北,沧州,北京铁路局,客运站
肇东,,46.075684,125.992805,50,黑龙江,绥化,哈尔滨铁路局,客运站
肇庆,,23.084038,112.442563,100,广东,肇庆,广铁集团,客运站
肥东,,31.864196,117.480067,50,安徽,合肥,上海铁路局,客运站
背荫河,,45.16787,126.992179,50,黑龙江,哈尔滨,哈尔滨铁路局,客运站
胶州,,36.297501,119.994008,50,山东,青岛,济南铁路局,客运站
胶州北,,36.39534,120.050254,50,山东,青岛,济南铁路局,客运站
能家,,41.619238,120.678592,50,辽宁,朝阳,沈阳铁路局,客运站
自贡,,29.358806,104.788452,50,四川,自贡,成都铁路局,客运站
舍力虎,,42.743331,120.650222,50,内蒙古自治区,通辽,沈阳铁路局,客运站
舒兰,,44.405852,126.94821,60,吉林,吉林,沈阳铁路局,客运站
舒城,,31.511276,117.154079,50,安徽,六安,上海铁路局,客运站
芜湖,,31.350224,118.391174,100,安徽,芜湖,上海铁路局,客运站
芦家庄,,37.735433,113.046823,50,山西,晋中,太原铁路局,客运站
芦溪,,27.660746,114.053903,50,江西,萍乡,南昌铁路局,客运站
芦潮港,,30.887545,121.846819,50,上海,浦东新区,上海铁路局,客运站
花园,,31.252858,113.977369,50,湖北,孝感,武汉铁路局,客运站
花山南,,30.53154,114.507653,50,湖北,武汉,武汉铁路局,客运站
花桥,,31.337715,121.04134,50,江苏,苏州,上海铁路局,客运站
花湖,,30.263562,115.017022,50,湖北,鄂州,武汉铁路局,客运站
苇子沟,,43.028877,129.670331,50,吉林,延边朝鲜族自治州,沈阳铁路局,客运站
苇河,,44.950182,128.373701,50,黑龙江,哈尔滨,哈尔滨铁路局,客运站
苍南,,27.531027,120.407201,100,浙江,温州,上海铁路局,客运站
苍石,,41.985424,124.515115,50,辽宁,抚顺,沈阳铁路局,客运站
苏家屯,,41.660163,123.34899,50,辽宁,沈阳,沈阳铁路局,客运站
苏州,,31.331858,120.606639,90,江苏,苏州,上海铁路局,客运站
苏州北,,31.423789,120.638983,50,江苏,苏州,上海铁路局,客运站
苏州园区,,31.343236,120.706458,50,江苏,苏州,上海铁路局,客运站
苏州新区,,31.373956,120.520413,50,江苏,苏州,上海铁路局,客运站
苔青,,47.566142,129.259925,50,黑龙江,伊春,哈尔滨铁路局,客运站
英吉沙,,38.967377,76.160895,50,新疆维吾尔自治区,喀什,乌鲁木齐铁路局,客运站
英德,,24.161715,113.433867,50,广东,清远,广铁集团,客运站
英德西,,24.162602,113.345093,50,广东,清远,广铁集团,客运站
茂名,,21.683697,110.843485,100,广东,茂名,南宁铁路局,客运站
茂名东,,21.645998,110.923389,50,广东,茂名,广铁集团,客运站
茂林,,43.965926,123.408263,50,吉林,四平,沈阳铁路局,客运站
范家屯,,43.710423,125.06878,50,吉林,四平,沈阳铁路局,客运站
茅草坪,,26.234264,104.744634,50,贵州,六盘水,昆明铁路局,客运站
茶陵,,26.813755,113.544322,50,湖南,株洲,南昌铁路局,客运站
茶陵南,,26.74108,113.519315,50,湖南,株洲,南昌铁路局,客运站
荆州,,30.37229,112.207267,60,湖北,荆州,武汉铁路局,客运站
荆门,,31.053273,112.206092,95,湖北,荆门,武汉铁路局,客运站
草市,,42.294994,125.230134,50,辽宁,抚顺,沈阳铁路局,客运站
草河口,,40.87718,123.905631,50,辽宁,本溪,沈阳铁路局,客运站
草海,,26.889308,104.259189,70,贵州,毕节,成都铁路局,客运站
荣昌,,29.397858,105.5775,50,重庆,荣昌县,成都铁路局,客运站
莆田,,25.353479,119.057848,60,福建,莆田,南昌铁路局,客运站
莎车,,38.375066,77.228762,55,新疆维吾尔自治区,喀什,乌鲁木齐铁路局,客运站
莒南,,35.183711,118.841726,50,山东,临沂,济南铁路局,客运站
莒县,,35.651883,118.834846,50,山东,日照,济南铁路局,客运站
莫尔道嘎,,51.232665,120.803162,60,内蒙古自治区,呼伦贝尔,哈尔滨铁路局,客运站
莱芜东,,36.229146,117.687986,50,山东,莱芜,济南铁路局,客运站
莱西,,36.809411,120.513017,50,山东,青岛,济南铁路局,客运站
莱阳,,36.928247,120.705433,50,山东,烟台,济南铁路局,客运站
莲江口,,46.877476,130.320796,50,黑龙江,佳木斯,哈尔滨铁路局,客运站
获嘉,,35.256673,113.642926,50,河南,新乡,郑州铁路局,客运站
菏泽,,35.231181,115.500993,80,山东,菏泽,济南铁路局,客运站
萍乡,,27.6504,113.835965,75,江西,萍乡,南昌铁路局,客运站
营口,,40.684236,122.259814,60,辽宁,营口,沈阳铁路局,客运站
营口东,,40.622806,122.423,55,辽宁,营口,沈阳铁路局,客运站
营城子,,38.97948,121.370311,50,辽宁,大连,沈阳铁路局,客运站
营山,,31.067532,106.564789,75,四川,南充,成都铁路局,客运站
萨拉齐,,40.563342,110.525634,50,内蒙古自治区,包头,呼和浩特铁路局,客运站
葛店南,,30.492877,114.654704,50,湖北,鄂州,武汉铁路局,客运站
葛根庙,,45.893797,122.299343,50,内蒙古自治区,兴安盟,沈阳铁路局,客运站
葫芦岛,,40.752715,120.862962,50,辽宁,葫芦岛,沈阳铁路局,客运站
葫芦岛北,,40.741669,120.758204,50,辽宁,葫芦岛,沈阳铁路局,客运站
葵潭,,23.067425,115.991827,50,广东,揭阳,广铁集团,客运站
蒙自北,,23.46731,103.31896,50,云南,红河哈尼族彝族自治州,昆明铁路局,客运站
蒲城东,,34.990213,109.605064,50,陕西,渭南,西安铁路局,客运站
蓝村,,36.39541,120.178693,50,山东,青岛,济南铁路局,客运站
蓟县,,40.025338,117.391269,50,天津,蓟县,北京铁路局,客运站
蓬安,,31.002823,106.420138,50,四川,南充,成都铁路局,客运站
蔡家坡,,34.322919,107.59341,50,陕西,宝鸡,西安铁路局,客运站
蔡家沟,,45.116661,126.130623,50,吉林,松原,沈阳铁路局,客运站
蕲春,,30.244256,115.440183,50,湖北,黄冈,武汉铁路局,客运站
薛家,,41.168567,121.183172,50,辽宁,锦州,沈阳铁路局,客运站
藁城,,38.027506,114.826618,50,河北,石家庄,北京铁路局,客运站
藤县,,23.337057,110.982522,50,广西壮族自治区,梧州,南宁铁路局,客运站
虎林,,45.762848,132.970044,65,黑龙江,鸡西,哈尔滨铁路局,客运站
虎石台,,41.940566,123.496346,50,辽宁,沈阳,沈阳铁路局,客运站
虎门,,22.864348,113.668295,50,广东,东莞,广铁集团,客运站
虞城县,,34.407916,115.859053,50,河南,商丘,上海铁路局,客运站
蚌埠,,32.945583,117.371924,50,安徽,蚌埠,上海铁路局,客运站
蚌埠南,,32.903699,117.435853,70,安徽,蚌埠,上海铁路局,客运站
蛟河,,43.72303,127.34504,50,吉林,吉林,沈阳铁路局,客运站
蛤蟆塘,,40.171979,124.373183,50,辽宁,丹东,沈阳铁路局,客运站
融安,,25.209128,109.40225,50,广西壮族自治区,柳州,南宁铁路局,客运站
融水,,25.074045,109.236406,50,广西壮族自治区,柳州,南宁铁路局,客运站
街基,,46.299222,123.370634,50,黑龙江,齐齐哈尔,沈阳铁路局,客运站
衡山,,27.251123,112.783731,50,湖南,衡阳,广铁集团,客运站
衡山西,,27.251123,112.783731,50,湖南,衡阳,广铁集团,客运站
衡水,,37.743459,115.684974,65,河北,衡水,北京铁路局,客运站
衡阳,,26.893414,112.625838,65,湖南,衡阳,广铁集团,客运站
衡阳东,,26.89989,112.704232,85,湖南,衡阳,广铁集团,客运站
衢州,,28.926414,118.876432,75,浙江,衢州,上海铁路局,客运站
裴德,,45.635611,131.898583,50,黑龙江,鸡西,哈尔滨铁路局,客运站
襄垣,,36.506235,113.028987,50,山西,长治,郑州铁路局,客运站
襄汾,,35.880037,111.435724,50,山西,临汾,太原铁路局,客运站
襄汾西,,35.838385,111.331083,50,山西,临汾,太原铁路局,客运站
襄河,,48.800577,126.848858,50,黑龙江,黑河,哈尔滨铁路局,客运站
襄阳,,32.060025,112.148775,100,湖北,襄阳,武汉铁路局,客运站
襄阳东,,32.09879,112.220616,80,湖北,襄阳,武汉铁路局,客运站
西丰,,42.732036,124.701289,55,辽宁,铁岭,沈阳铁路局,客运站
西乡,,32.995784,107.755338,50,陕西,汉中,西安铁路局,客运站
西哲里木,,45.550366,120.596845,50,内蒙古自治区,兴安盟,沈阳铁路局,客运站
西宁,,36.619999,101.812152,100,青海,西宁,青藏铁路公司,客运站
西宁西,,36.65878,101.68452,50,青海,西宁,青藏铁路公司,客运站
西安,,34.278711,108.957995,100,陕西,西安,西安铁路局,客运站
西安南,,34.094282,109.096409,50,陕西,西安,西安铁路局,客运站
西岗子,,49.901272,127.340983,50,黑龙江,黑河,哈尔滨铁路局,客运站
西峡,,33.273099,111.506344,55,河南,南阳,郑州铁路局,客运站
西平,,33.379142,114.032687,50,河南,驻马店,武汉铁路局,客运站
西昌,,27.880695,102.222875,55,四川,凉山彝族自治州,成都铁路局,客运站
西昌南,,27.841449,102.212747,50,四川,凉山彝族自治州,成都铁路局,客运站
西林,,47.482282,129.30843,50,黑龙江,伊春,哈尔滨铁路局,客运站
西柳,,40.84282,122.618109,50,辽宁,鞍山,沈阳铁路局,客运站
西麻山,,45.211082,130.472397,50,黑龙江,鸡西,哈尔滨铁路局,客运站
角美,,24.529889,117.875434,50,福建,漳州,南昌铁路局,客运站
讷河,,48.479343,124.841796,55,黑龙江,齐齐哈尔,哈尔滨铁路局,客运站
许家屯,,40.038993,122.075793,50,辽宁,大连,沈阳铁路局,客运站
许昌,,34.021687,113.814932,50,河南,许昌,郑州铁路局,客运站
许昌东,,34.049719,113.882369,70,河南,许昌,郑州铁路局,客运站
诏安,,23.775026,117.093783,65,福建,漳州,南昌铁路局,客运站
诸城,,36.062639,119.384323,50,山东,潍坊,济南铁路局,客运站
诸暨,,29.729703,120.180556,65,浙江,绍兴,上海铁路局,客运站
谢家镇,,44.566646,126.806843,50,吉林,长春,沈阳铁路局,客运站
谭家井,,37.590249,103.590052,50,甘肃,武威,兰州铁路局,客运站
谷城,,32.26753,111.597011,50,湖北,襄阳,武汉铁路局,客运站
豆罗,,38.303285,112.694874,50,山西,忻州,太原铁路局,客运站
贵定,,26.585037,107.224545,50,贵州,黔南布依族苗族自治州,成都铁路局,客运站
贵定南,,24.783534,115.007007,50,贵州,黔南布依族苗族自治州,成都铁路局,客运站
贵港,,23.102006,109.608974,50,广西壮族自治区,贵港,南宁铁路局,客运站
贵溪,,28.292487,117.210046,50,江西,鹰潭,南昌铁路局,客运站
贵阳,,26.560252,106.699594,100,贵州,贵阳,成都铁路局,客运站
费县,,35.278168,117.973835,50,山东,临沂,济南铁路局,客运站
贺州,,24.457268,111.534004,80,广西壮族自治区,贺州,南宁铁路局,客运站
贺胜桥东,,30.020791,114.365385,50,湖北,咸宁,武汉铁路局,客运站
资中,,29.771081,104.860851,50,四川,内江,成都铁路局,客运站
资溪,,27.724183,117.073778,50,江西,抚州,南昌铁路局,客运站
资阳,,30.127304,104.649874,50,四川,资阳,成都铁路局,客运站
赛汉塔拉,,42.746324,112.65336,50,内蒙古自治区,锡林郭勒盟,呼和浩特铁路局,客运站
赣州,,25.822298,114.959611,100,江西,赣州,南昌铁路局,客运站
赤壁,,29.724644,113.924407,50,湖北,咸宁,武汉铁路局,客运站
赤壁北,,29.738807,113.895041,50,湖北,咸宁,武汉铁路局,客运站
赤峰,,42.254938,118.953314,100,内蒙古自治区,赤峰,沈阳铁路局,客运站
赤峰西,,42.274174,118.896142,50,内蒙古自治区,赤峰,沈阳铁路局,客运站
赵光,,48.066793,126.731796,50,黑龙江,黑河,哈尔滨铁路局,客运站
赵城,,36.38131,111.692898,50,山西,临汾,太原铁路局,客运站
赶水,,28.749835,106.70793,50,重庆,綦江区,成都铁路局,客运站
越西,,28.740272,102.602158,50,四川,凉山彝族自治州,成都铁路局,客运站
路口铺,,29.512452,113.36,50,湖南,岳阳,广铁集团,客运站
轩岗,,38.893337,112.424329,60,山西,忻州,太原铁路局,客运站
辛集,,37.904474,115.209401,50,河北,石家庄,北京铁路局,客运站
辰清,,49.133659,127.241846,50,黑龙江,黑河,哈尔滨铁路局,客运站
辰溪,,27.8821,110.250631,50,湖南,怀化,广铁集团,客运站
辽中,,41.556869,122.766184,50,辽宁,沈阳,沈阳铁路局,客运站
辽源,,42.902462,125.122581,80,吉林,辽源,沈阳铁路局,客运站
辽阳,,41.27976,123.162731,55,辽宁,辽阳,沈阳铁路局,客运站
达家沟,,44.656554,125.815634,50,吉林,长春,沈阳铁路局,客运站
达州,,31.200698,107.44848,100,四川,达州,成都铁路局,客运站
迁安,,39.925033,118.687024,50,河北,唐山,北京铁路局,客运站
迎春,,46.035482,132.939333,50,黑龙江,鸡西,哈尔滨铁路局,客运站
运城,,35.026898,110.985117,75,山西,运城,太原铁路局,客运站
运城北,,35.099771,110.978272,100,山西,运城,太原铁路局,客运站
进贤,,28.35802,116.241345,50,江西,南昌,南昌铁路局,客运站
连云港,,34.610028,119.157744,70,江苏,连云港,上海铁路局,客运站
连山关,,40.962687,123.755071,50,辽宁,本溪,沈阳铁路局,客运站
连江,,26.197415,119.562551,50,福建,福州,南昌铁路局,客运站
通化,,41.750939,125.974478,100,吉林,通化,沈阳铁路局,客运站
通化县,,41.676916,125.815424,50,吉林,通化,沈阳铁路局,客运站
通北,,47.765861,126.754765,50,黑龙江,黑河,哈尔滨铁路局,客运站
通州西,,39.903368,116.621367,55,北京,通州区,北京铁路局,客运站
通沟,,41.949597,125.713643,50,吉林,通化,沈阳铁路局,客运站
通海,,24.119608,102.667598,50,云南,玉溪,昆明铁路局,客运站
通辽,,43.6028,122.265606,100,内蒙古自治区,通辽,沈阳铁路局,客运站
通远堡,,40.785689,123.921469,50,辽宁,丹东,沈阳铁路局,客运站
通途,,45.193822,124.646403,50,吉林,松原,沈阳铁路局,客运站
通道,,26.31953,109.627776,50,湖南,怀化,广铁集团,客运站
遂宁,,30.54489,105.539462,55,四川,遂宁,成都铁路局,客运站
遂平,,33.145908,114.029449,50,河南,驻马店,武汉铁路局,客运站
遂溪,,21.400758,110.262311,50,广东,湛江,南宁铁路局,客运站
道州,,25.518321,111.56454,50,湖南,永州,南宁铁路局,客运站
遵义,,27.706333,106.944361,70,贵州,遵义,成都铁路局,客运站
邓州,,32.685001,112.064686,60,河南,南阳,郑州铁路局,客运站
邢台,,37.069338,114.486972,50,河北,邢台,北京铁路局,客运站
邢台东,,37.091241,114.586319,55,河北,邢台,北京铁路局,客运站
那曲,,31.444797,91.991129,55,西藏自治区,那曲,青藏铁路公司,客运站
邯郸,,36.603149,114.470723,100,河北,邯郸,北京铁路局,客运站
邯郸东,,36.620086,114.55351,100,河北,邯郸,北京铁路局,客运站
邳州,,34.318426,117.952968,50,江苏,徐州,上海铁路局,客运站
邵东,,27.274755,111.74467,50,湖南,邵阳,广铁集团,客运站
邵武,,27.353159,117.475989,50,福建,南平,南昌铁路局,客运站
邵阳,,27.216658,111.455568,100,湖南,邵阳,广铁集团,客运站
邹城,,35.401361,116.952732,50,山东,济宁,济南铁路局,客运站
郑家屯,,43.503214,123.510789,50,吉林,四平,沈阳铁路局,客运站
郑州,,34.747507,113.653617,100,河南,郑州,郑州铁路局,客运站
郑州东,,34.760199,113.772957,100,河南,郑州,郑州铁路局,客运站
郓城,,35.601612,115.896274,50,山东,菏泽,济南铁路局,客运站
郫县西,,30.826517,103.877648,50,四川,成都,成都铁路局,客运站
郭家店,,43.339772,124.572116,50,吉林,四平,沈阳铁路局,客运站
郯城,,34.603234,118.370995,50,山东,临沂,济南铁路局,客运站
郴州,,25.811128,113.027642,55,湖南,郴州,广铁集团,客运站
郴州西,,25.739141,112.96463,50,湖南,郴州,广铁集团,客运站
都匀,,26.235365,107.51111,50,贵州,黔西南布依族苗族自治州,成都铁路局,客运站
都江堰,,30.959777,103.636326,65,四川,成都,成都铁路局,客运站
鄂州,,30.365146,114.86154,50,湖北,鄂州,武汉铁路局,客运站
鄂州东,,30.364119,114.942948,50,湖北,鄂州,武汉铁路局,客运站
鄄城,,35.423123,115.664574,50,山东,菏泽,济南铁路局,客运站
鄯善,,43.095865,90.482005,50,新疆维吾尔自治区,吐鲁番,乌鲁木齐铁路局,客运站
酉阳,,28.81164,108.95779,50,重庆,酉阳土家族苗族自治县,成都铁路局,客运站
酒泉,,39.644752,98.450919,50,甘肃,酒泉,兰州铁路局,客运站
醴陵,,27.673175,113.506605,50,湖南,株洲,南昌铁路局,客运站
里木店,,45.965218,126.209967,50,黑龙江,绥化,哈尔滨铁路局,客运站
重庆,,29.552726,106.543764,100,重庆,渝中区,成都铁路局,客运站
重庆北,,29.610613,106.547216,100,重庆,渝北区,成都铁路局,客运站
重庆南,,29.498462,106.535871,50,重庆,九龙坡区,成都铁路局,客运站
野三坡,,39.669696,115.447496,50,河北,保定,北京铁路局,客运站
金华,,29.113206,119.631028,80,浙江,金华,上海铁路局,客运站
金华南,,29.120105,119.729452,65,浙江,嘉兴,上海铁路局,客运站
金坑,,41.132013,123.735306,50,辽宁,本溪,沈阳铁路局,客运站
金城江,,24.702257,108.060829,80,广西壮族自治区,河池,南宁铁路局,客运站
金宝屯,,43.38061,123.57159,50,内蒙古自治区,通辽,沈阳铁路局,客运站
金寨,,31.628074,115.970131,60,安徽,六安,上海铁路局,客运站
金山北,,30.896412,121.084875,50,上海,金山区,上海铁路局,客运站
金山屯,,47.420732,129.415471,50,黑龙江,伊春,哈尔滨铁路局,客运站
金州,,39.086944,121.722282,50,辽宁,大连,沈阳铁路局,客运站
金昌,,38.370531,102.061951,65,甘肃,金昌,兰州铁路局,客运站
金杖子,,40.883762,119.498808,50,辽宁,朝阳,沈阳铁路局,客运站
金河,,51.334415,121.492769,50,内蒙古自治区,呼伦贝尔,哈尔滨铁路局,客运站
钟家村,,34.829274,109.470241,50,陕西,渭南,西安铁路局,客运站
钟祥,,31.178163,112.610884,50,湖北,荆门,武汉铁路局,客运站
钦州,,21.989557,108.612624,50,广西壮族自治区,钦州,南宁铁路局,客运站
钦州东,,21.982509,108.664594,50,广西壮族自治区,钦州,南宁铁路局,客运站
铁力,,46.972153,128.046737,55,黑龙江,伊春,哈尔滨铁路局,客运站
铁岭,,42.291331,123.831074,50,辽宁,铁岭,沈阳铁路局,客运站
铁岭西,,42.230385,123.66771,50,辽宁,铁岭,沈阳铁路局,客运站
铜仁,,27.743538,109.200042,85,贵州,铜仁,广铁集团,客运站
铜陵,,30.921313,117.856729,55,安徽,铜陵,上海铁路局,客运站
铜陵北,,31.014727,118.016004,50,安徽,铜陵,上海铁路局,客运站
银川,,38.491529,106.170211,100,宁夏回族自治区,银川,兰州铁路局,客运站
银浪,,46.495232,124.855363,50,黑龙江,大庆,哈尔滨铁路局,客运站
锡林浩特,,43.916908,116.020306,80,内蒙古自治区,锡林郭勒盟,呼和浩特铁路局,客运站
锦州,,41.122228,121.135302,70,辽宁,锦州,沈阳铁路局,客运站
锦州南,,41.014781,121.12011,50,辽宁,锦州,沈阳铁路局,客运站
锦河,,50.13517,127.406542,50,黑龙江,黑河,哈尔滨铁路局,客运站
镇城底,,37.958095,112.062471,50,山西,太原,太原铁路局,客运站
镇安,,33.422486,109.164374,50,陕西,商洛,西安铁路局,客运站
镇平,,33.055182,112.218481,50,河南,南阳,郑州铁路局,客运站
镇江,,32.19914,119.427256,50,江苏,镇江,上海铁路局,客运站
镇江南,,32.154324,119.41872,50,江苏,镇江,上海铁路局,客运站
镇赉,,45.855697,123.18893,55,吉林,白城,沈阳铁路局,客运站
镇远,,27.037958,108.40559,50,贵州,黔东南,成都铁路局,客运站
镜铁山,,39.318235,97.949035,60,甘肃,嘉峪关,兰州铁路局,客运站
长临河,,31.700563,117.477879,50,安徽,合肥,上海铁路局,客运站
长兴,,31.044044,119.969382,50,浙江,湖州,上海铁路局,客运站
长兴南,,30.992917,119.899471,50,浙江,湖州,上海铁路局,客运站
长垣,,35.211404,114.654194,50,河南,新乡,郑州铁路局,客运站
长寿,,29.793257,106.959329,50,重庆,长寿区,成都铁路局,客运站
长寿北,,29.882464,107.07091,60,重庆,长寿区,成都铁路局,客运站
长山屯,,45.312273,124.463003,50,吉林,松原,沈阳铁路局,客运站
长岭子,,38.936018,121.311431,50,辽宁,大连,沈阳铁路局,客运站
长征,,36.723383,104.845061,65,甘肃,白银,兰州铁路局,客运站
长春,,43.909413,125.317664,100,吉林,长春,沈阳铁路局,客运站
长春南,,43.848715,125.253368,50,吉林,长春,沈阳铁路局,客运站
长春西,,43.875235,125.193521,100,吉林,长春,沈阳铁路局,客运站
长汀,,25.832097,116.339562,50,福建,龙岩,南昌铁路局,客运站
长汀镇,,44.46509,128.928397,60,黑龙江,牡丹江,哈尔滨铁路局,客运站
长沙,,28.197261,113.007342,100,湖南,长沙,广铁集团,客运站
长沙南,,28.150177,113.059419,100,湖南,长沙,广铁集团,客运站
长治,,36.188478,113.06439,50,山西,长治,郑州铁路局,客运站
长治北,,36.30848,113.118241,75,山西,长治,郑州铁路局,客运站
长甸,,40.480355,124.805916,55,辽宁,丹东,沈阳铁路局,客运站
长葛,,34.215195,113.772506,50,河南,许昌,郑州铁路局,客运站
长阳,,30.622605,110.845193,50,湖北,宜昌,武汉铁路局,客运站
闻喜,,35.356566,111.210873,50,山西,运城,太原铁路局,客运站
闻喜西,,35.337049,111.173549,55,山西,运城,太原铁路局,客运站
闽清,,26.216552,118.902766,50,福建,福州,南昌铁路局,客运站
阎良,,34.669391,109.223876,60,陕西,西安,西安铁路局,客运站
阜南,,32.639903,115.548764,50,安徽,阜阳,上海铁路局,客运站
阜宁,,33.59636,119.611865,50,江苏,盐城,上海铁路局,客运站
阜新,,41.985323,121.632528,65,辽宁,阜新,沈阳铁路局,客运站
阜阳,,32.916755,115.862909,95,安徽,阜阳,上海铁路局,客运站
防城港北,,21.716351,108.372269,100,广西壮族自治区,防城港,南宁铁路局,客运站
阳城,,35.492896,112.486261,50,山西,晋城,郑州铁路局,客运站
阳平关,,32.974292,106.039979,55,陕西,汉中,西安铁路局,客运站
阳新,,29.862523,115.174967,75,湖北,黄石,武汉铁路局,客运站
阳春,,22.192776,111.756315,50,广东,阳江,广铁集团,客运站
阳曲,,38.057434,112.675403,50,山西,太原,太原铁路局,客运站
阳泉,,37.855794,113.585924,60,山西,阳泉,北京铁路局,客运站
阳泉北,,38.114565,113.431506,50,山西,阳泉,北京铁路局,客运站
阳泉曲,,37.861881,113.580496,55,山西,阳泉,太原铁路局,客运站
阳澄湖,,31.382323,120.857648,50,江苏,苏州,上海铁路局,客运站
阳谷,,36.101591,115.803122,50,山东,聊城,济南铁路局,客运站
阳邑,,36.737378,113.897332,50,河北,邯郸,北京铁路局,客运站
阿克苏,,41.144045,80.304787,90,新疆维吾尔自治区,阿克苏,乌鲁木齐铁路局,客运站
阿克陶,,39.166657,75.972327,50,新疆维吾尔自治区,克孜勒苏柯尔克孜自治州,乌鲁木齐铁路局,客运站
阿图什,,39.719495,76.219413,50,新疆维吾尔自治区,克孜勒苏柯尔克孜自治州,乌鲁木齐铁路局,客运站
阿城,,45.548774,126.989812,50,黑龙江,哈尔滨,哈尔滨铁路局,客运站
阿尔山,,47.1703,119.941694,70,内蒙古自治区,兴安盟,沈阳铁路局,客运站
阿拉山口,,45.170301,82.570332,60,新疆维吾尔自治区,博尔塔拉蒙古自治州,乌鲁木齐铁路局,客运站
阿木尔,,52.859923,123.154801,50,黑龙江,大兴安岭地区,哈尔滨铁路局,客运站
阿里河,,50.584698,123.729832,50,内蒙古自治区,呼伦贝尔,哈尔滨铁路局,客运站
阿金,,42.041408,121.749405,50,辽宁,阜新,沈阳铁路局,客运站
阿龙山,,51.686505,121.872887,50,内蒙古自治区,呼伦贝尔,哈尔滨铁路局,客运站
陆丰,,22.950765,115.728464,50,广东,汕尾,广铁集团,客运站
陆川,,22.312812,110.253671,50,广西壮族自治区,玉林,南宁铁路局,客运站
陆良,,24.849296,103.695403,50,云南,曲靖,昆明铁路局,客运站
陇县,,34.872301,106.846577,50,陕西,宝鸡,西安铁路局,客运站
陇西,,34.953245,104.702324,60,甘肃,定西,兰州铁路局,客运站
陈相屯,,41.562469,123.525525,50,辽宁,沈阳,沈阳铁路局,客运站
陵水,,18.53784,110.028531,50,海南,陵水黎族自治县,广铁集团,客运站
陶家屯,,43.64299,124.982734,50,吉林,四平,沈阳铁路局,客运站
陶赖昭,,44.825002,125.933048,50,吉林,松原,沈阳铁路局,客运站
隆化,,41.326788,117.744455,50,河北,承德,北京铁路局,客运站
隆昌,,29.35793,105.277615,50,四川,内江,成都铁路局,客运站
随州,,31.723643,113.411013,50,湖北,随州,武汉铁路局,客运站
雁荡山,,28.344583,121.147742,50,浙江,温州,上海铁路局,客运站
集宁南,,41.029618,113.092543,50,内蒙古自治区,乌兰察布,呼和浩特铁路局,客运站
集安,,41.139907,126.205752,65,吉林,通化,沈阳铁路局,客运站
雨格,,26.101262,104.666177,50,贵州,六盘水,昆明铁路局,客运站
零陵,,26.226385,111.576079,50,湖南,永州,南宁铁路局,客运站
雷州,,20.921502,110.041764,50,广东,湛江,广铁集团,客运站
霍尔果斯,,44.154345,80.451351,85,新疆维吾尔自治区,伊犁哈萨克自治州,乌鲁木齐铁路局,客运站
霍州,,36.585491,111.712444,50,山西,临汾,太原铁路局,客运站
霍州东,,36.564282,111.831101,50,山西,临汾,太原铁路局,客运站
霍林郭勒,,45.53221,119.662756,70,内蒙古自治区,通辽,沈阳铁路局,客运站
霍邱,,32.056164,116.137503,50,安徽,六安,上海铁路局,客运站
霞浦,,26.912587,120.028326,50,福建,宁德,南昌铁路局,客运站
露水河,,42.511423,127.809071,50,吉林,白山,沈阳铁路局,客运站
霸州,,39.121706,116.370092,50,河北,廊坊,北京铁路局,客运站
青县,,38.57705,116.832405,50,河北,沧州,北京铁路局,客运站
青城山,,30.894386,103.604385,100,四川,成都,成都铁路局,客运站
青山,,45.44425,130.561974,50,黑龙江,牡丹江,哈尔滨铁路局,客运站
青岛,,36.064405,120.307452,100,山东,青岛,济南铁路局,客运站
青州市,,36.770941,118.498123,50,山东,潍坊,济南铁路局,客运站
青田,,28.140125,120.27578,50,浙江,丽水,上海铁路局,客运站
青铜峡,,37.918043,105.928072,50,宁夏回族自治区,吴忠,兰州铁路局,客运站
青龙山,,33.871323,116.796334,50,安徽,淮北,上海铁路局,客运站
靖州,,26.569926,109.683656,50,湖南,怀化,广铁集团,客运站
靖边,,37.618891,108.751156,50,陕西,榆林,西安铁路局,客运站
靖远,,36.560557,104.649912,50,甘肃,白银,兰州铁路局,客运站
静海,,38.932071,116.923984,50,天津,静海县,北京铁路局,客运站
革镇堡,,39.008182,121.531618,50,辽宁,大连,沈阳铁路局,客运站
鞍山,,41.11056,122.980738,65,辽宁,鞍山,沈阳铁路局,客运站
鞍山西,,41.116395,122.910121,55,辽宁,鞍山,沈阳铁路局,客运站
韦庄,,34.971475,109.930822,50,陕西,渭南,西安铁路局,客运站
韩城,,35.484165,110.436298,80,陕西,渭南,西安铁路局,客运站
韶关,,24.753418,113.508943,50,广东,韶关,广铁集团,客运站
韶关东,,24.797119,113.599162,50,广东,韶关,广铁集团,客运站
韶山,,27.928216,112.518588,50,湖南,湘潭,广铁集团,客运站
项城,,33.41638,114.884079,50,河南,周口,武汉铁路局,客运站
顺义,,40.12478,116.63958,50,北京,顺义区,北京铁路局,客运站
顺德,,22.878452,113.271093,50,广东,佛山,广铁集团,客运站
顺德学院,,22.825507,113.314216,50,广东,佛山,广铁集团,客运站
顺昌,,26.802922,117.811412,50,福建,南平,南昌铁路局,客运站
额济纳,,41.897122,101.032086,55,内蒙古自治区,阿拉善盟,呼和浩特铁路局,客运站
风陵渡,,34.632839,110.305197,60,山西,运城,太原铁路局,客运站
饶平,,23.714379,116.928733,70,广东,潮州,广铁集团,客运站
饶阳,,38.236796,115.711578,50,河北,衡水,北京铁路局,客运站
香兰,,46.650294,129.75048,50,黑龙江,佳木斯,哈尔滨铁路局,客运站
香坊,,45.719325,126.673349,85,黑龙江,哈尔滨,哈尔滨铁路局,客运站
马三家,,41.896433,123.231745,55,辽宁,沈阳,沈阳铁路局,客运站
马兰,,42.233512,87.378948,50,新疆维吾尔自治区,巴音郭楞蒙古自治州,乌鲁木齐铁路局,客运站
马林,,42.272395,119.178214,50,内蒙古自治区,赤峰,沈阳铁路局,客运站
马桥河,,44.681638,130.548509,50,黑龙江,牡丹江,哈尔滨铁路局,客运站
马莲河,,44.018761,129.198616,50,黑龙江,牡丹江,哈尔滨铁路局,客运站
马鞍山,,31.709504,118.49696,50,安徽,马鞍山,上海铁路局,客运站
驻马店,,32.980841,114.037764,50,河南,驻马店,武汉铁路局,客运站
驻马店西,,33.002394,113.974275,60,河南,驻马店,武汉铁路局,客运站
驼腰岭,,42.179451,125.897342,50,吉林,通化,沈阳铁路局,客运站
高台,,39.268969,99.788039,50,甘肃,张掖,兰州铁路局,客运站
高密,,36.392288,119.762324,50,山东,潍坊,济南铁路局,客运站
高山子,,41.545989,122.064316,50,辽宁,锦州,沈阳铁路局,客运站
高岭,,40.144254,120.007436,50,辽宁,葫芦岛,沈阳铁路局,客运站
高州,,21.898483,110.884539,50,广东,茂名,广铁集团,客运站
高平,,35.80132,112.912862,50,山西,晋城,郑州铁路局,客运站
高村,,38.174324,112.692543,50,山西,太原,太原铁路局,客运站
高桥镇,,40.896522,121.000282,50,辽宁,葫芦岛,沈阳铁路局,客运站
高滩,,32.41646,108.322902,50,陕西,安康,西安铁路局,客运站
高碑店,,39.32779,115.852979,50,河北,保定,北京铁路局,客运站
高碑店东,,39.288144,115.939146,50,河北,保定,北京铁路局,客运站
高邑,,37.604427,114.591888,50,河北,石家庄,北京铁路局,客运站
高邑西,,37.629242,114.525675,50,河北,石家庄,北京铁路局,客运站
魏杖子,,40.974722,119.058537,50,辽宁,朝阳,沈阳铁路局,客运站
鲁山,,33.749898,112.89798,50,河南,平顶山,郑州铁路局,客运站
鲁番,,25.624124,104.532229,50,贵州,六盘水,昆明铁路局,客运站
鲅鱼圈,,40.186382,122.088954,50,辽宁,营口,沈阳铁路局,客运站
鳌江,,27.629163,120.541079,65,浙江,温州,上海铁路局,客运站
鸡东,,45.250276,131.143937,50,黑龙江,鸡西,哈尔滨铁路局,客运站
鸡冠山,,40.517693,123.918991,50,辽宁,丹东,沈阳铁路局,客运站
鸡西,,45.30251,130.970615,90,黑龙江,鸡西,哈尔滨铁路局,客运站
鹤北,,47.539553,130.462907,60,黑龙江,鹤岗,哈尔滨铁路局,客运站
鹤壁,,35.759925,114.268301,50,河南,鹤壁,郑州铁路局,客运站
鹤壁东,,35.706186,114.294159,50,河南,鹤壁,郑州铁路局,客运站
鹤岗,,47.337805,130.276481,95,黑龙江,鹤岗,哈尔滨铁路局,客运站
鹤庆,,26.559531,100.21513,50,云南,大理白族自治州,昆明铁路局,客运站
鹤立,,47.050438,130.284271,50,黑龙江,佳木斯,哈尔滨铁路局,客运站
鹰手营子,,40.554392,117.662904,50,河北,承德,北京铁路局,客运站
鹰潭,,28.238617,117.022681,65,江西,鹰潭,南昌铁路局,客运站
鹿寨,,24.482891,109.741177,50,广西壮族自治区,柳州,南宁铁路局,客运站
鹿道,,43.874169,129.282648,50,黑龙江,牡丹江,沈阳铁路局,客运站
麦园,,25.591588,117.490056,50,福建,龙岩,南昌铁路局,客运站
麻城,,31.148545,114.95868,60,湖北,黄冈,武汉铁路局,客运站
麻城北,,31.194891,114.985861,55,湖北,黄冈,武汉铁路局,客运站
麻尾,,25.347176,107.464996,55,贵州,黔西南布依族苗族自治州,成都铁路局,客运站
麻山,,45.211082,130.472397,50,黑龙江,鸡西,哈尔滨铁路局,客运站
麻柳,,32.30038,108.190407,50,陕西,安康,西安铁路局,客运站
麻阳,,27.859002,109.798732,50,湖南,怀化,广铁集团,客运站
黄冈,,30.488649,114.93818,50,湖北,黄冈,武汉铁路局,客运站
黄冈东,,30.510066,114.980116,100,湖北,黄冈,武汉铁路局,客运站
黄冈西,,30.506374,114.88296,50,湖北,黄冈,武汉铁路局,客运站
黄口,,34.36124,116.692233,50,安徽,宿州,上海铁路局,客运站
黄山,,29.724629,118.317128,65,安徽,黄山,上海铁路局,客运站
黄山北,,29.81584,118.268257,100,安徽,黄山,上海铁路局,客运站
黄州,,30.587777,114.999253,50,湖北,黄冈,武汉铁路局,客运站
黄村,,39.72019,116.326143,50,北京,大兴区,北京铁路局,客运站
黄松甸,,43.639551,127.722059,50,吉林,吉林,沈阳铁路局,客运站
黄梅,,30.096226,115.937647,50,湖北,黄冈,上海铁路局,客运站
黄泥河,,43.553229,128.011293,50,吉林,延边朝鲜族自治州,沈阳铁路局,客运站
黄石,,30.156579,114.935645,50,湖北,黄石,武汉铁路局,客运站
黄石北,,30.213997,115.002856,50,湖北,黄石,武汉铁路局,客运站
黄花筒,,43.146064,120.953419,50,内蒙古自治区,通辽,沈阳铁路局,客运站
黄陵,,35.618284,109.351266,50,陕西,延安,西安铁路局,客运站
黎城,,36.514565,113.385813,50,山西,长治,北京铁路局,客运站
黎塘,,23.197668,109.127986,50,广西壮族自治区,南宁,南宁铁路局,客运站
黑井,,25.350828,101.740553,50,云南,楚雄彝族自治州,昆明铁路局,客运站
黑台,,45.407722,131.616875,50,黑龙江,鸡西,哈尔滨铁路局,客运站
黑水,,45.212035,122.818123,50,吉林,白城,沈阳铁路局,客运站
黑河,,50.231619,127.493004,75,黑龙江,黑河,哈尔滨铁路局,客运站
黔江,,29.446051,108.786186,50,重庆,黔江区,成都铁路局,客运站
齐齐哈尔,,47.337459,123.988343,100,黑龙江,齐齐哈尔,哈尔滨铁路局,客运站
龙井,,42.900715,129.407236,55,吉林,延边朝鲜族自治州,沈阳铁路局,客运站
龙华,,37.610955,116.016858,50,河北,衡水,北京铁路局,客运站
龙南,,24.922844,114.87286,50,江西,赣州,南昌铁路局,客运站
龙嘉,,43.990654,125.693847,50,吉林,长春,沈阳铁路局,客运站
龙山镇,,24.69455,117.35755,50,福建,漳州,南昌铁路局,客运站
龙岩,,25.098759,117.001526,100,福建,龙岩,南昌铁路局,客运站
龙川,,24.11506,115.232621,50,广东,河源,广铁集团,客运站
龙市,,26.72282,113.963024,50,江西,吉安,南昌铁路局,客运站
龙江,,47.332633,123.178286,50,黑龙江,齐齐哈尔,哈尔滨铁路局,客运站
龙游,,29.006412,119.161339,50,浙江,衢州,上海铁路局,客运站
龙爪沟,,40.817826,124.64311,50,辽宁,丹东,沈阳铁路局,客运站
龙里,,26.454654,106.965582,50,贵州,黔东南,成都铁路局,客运站
龙镇,,48.68427,126.710735,55,黑龙江,黑河,哈尔滨铁路局,客运站
